-- SAMPLE SCHEMA & DATA FOR KPI Dashboard Migration (SQL Server/PostgreSQL compatible)

-- Drop existing tables if needed
DROP TABLE IF EXISTS sales;
DROP TABLE IF EXISTS products;
DROP TABLE IF EXISTS web_traffic;

-- Dimension: products
CREATE TABLE products (
    product_id INT PRIMARY KEY,
    product_name VARCHAR(100) NOT NULL,
    category VARCHAR(50) NOT NULL
);
-- Fact: sales (orders)
CREATE TABLE sales (
    order_id INT PRIMARY KEY,
    order_date DATE NOT NULL,
    region VARCHAR(10) NOT NULL,
    product_id INT NOT NULL REFERENCES products(product_id),
    quantity INT NOT NULL,
    unit_price DECIMAL(10,2) NOT NULL
);
-- Fact: web_traffic (sessions used for conversion rate)
CREATE TABLE web_traffic (
    date DATE NOT NULL,
    region VARCHAR(10) NOT NULL,
    sessions INT NOT NULL,
    PRIMARY KEY (date, region)
);

-- Insert products
INSERT INTO products (product_id, product_name, category) VALUES (1001, 'Echo Dot', 'Smart Speaker');
INSERT INTO products (product_id, product_name, category) VALUES (1002, 'Kindle Basic', 'E-Reader');
INSERT INTO products (product_id, product_name, category) VALUES (1003, 'Fire TV Stick', 'Streaming');
INSERT INTO products (product_id, product_name, category) VALUES (1004, 'Ring Doorbell', 'Smart Home');
INSERT INTO products (product_id, product_name, category) VALUES (1005, 'Eero Router', 'Networking');
INSERT INTO products (product_id, product_name, category) VALUES (1006, 'Echo Pop', 'Smart Speaker');

-- Insert sales
INSERT INTO sales (order_id, order_date, region, product_id, quantity, unit_price) VALUES (50000, '2024-01-01', 'EU', 1004, 1, 99.99);
INSERT INTO sales (order_id, order_date, region, product_id, quantity, unit_price) VALUES (50001, '2024-01-01', 'EU', 1003, 1, 39.99);
INSERT INTO sales (order_id, order_date, region, product_id, quantity, unit_price) VALUES (50002, '2024-01-01', 'EU', 1005, 3, 149.99);
INSERT INTO sales (order_id, order_date, region, product_id, quantity, unit_price) VALUES (50003, '2024-01-01', 'EU', 1002, 3, 89.99);
INSERT INTO sales (order_id, order_date, region, product_id, quantity, unit_price) VALUES (50004, '2024-01-01', 'EU', 1003, 3, 39.99);
INSERT INTO sales (order_id, order_date, region, product_id, quantity, unit_price) VALUES (50005, '2024-01-01', 'EU', 1005, 3, 149.99);
INSERT INTO sales (order_id, order_date, region, product_id, quantity, unit_price) VALUES (50006, '2024-01-01', 'EU', 1006, 1, 24.99);
INSERT INTO sales (order_id, order_date, region, product_id, quantity, unit_price) VALUES (50007, '2024-01-01', 'EU', 1002, 2, 89.99);
INSERT INTO sales (order_id, order_date, region, product_id, quantity, unit_price) VALUES (50008, '2024-01-01', 'EU', 1006, 2, 24.99);
INSERT INTO sales (order_id, order_date, region, product_id, quantity, unit_price) VALUES (50009, '2024-01-01', 'EU', 1004, 1, 99.99);
INSERT INTO sales (order_id, order_date, region, product_id, quantity, unit_price) VALUES (50010, '2024-01-01', 'EU', 1001, 2, 29.99);
INSERT INTO sales (order_id, order_date, region, product_id, quantity, unit_price) VALUES (50011, '2024-01-01', 'EU', 1006, 1, 24.99);
INSERT INTO sales (order_id, order_date, region, product_id, quantity, unit_price) VALUES (50012, '2024-01-01', 'EU', 1004, 1, 99.99);
INSERT INTO sales (order_id, order_date, region, product_id, quantity, unit_price) VALUES (50013, '2024-01-01', 'EU', 1001, 3, 29.99);
INSERT INTO sales (order_id, order_date, region, product_id, quantity, unit_price) VALUES (50014, '2024-01-01', 'NA', 1002, 3, 89.99);
INSERT INTO sales (order_id, order_date, region, product_id, quantity, unit_price) VALUES (50015, '2024-01-01', 'NA', 1006, 2, 24.99);
INSERT INTO sales (order_id, order_date, region, product_id, quantity, unit_price) VALUES (50016, '2024-01-01', 'NA', 1006, 3, 24.99);
INSERT INTO sales (order_id, order_date, region, product_id, quantity, unit_price) VALUES (50017, '2024-01-01', 'NA', 1004, 3, 99.99);
INSERT INTO sales (order_id, order_date, region, product_id, quantity, unit_price) VALUES (50018, '2024-01-01', 'NA', 1004, 1, 99.99);
INSERT INTO sales (order_id, order_date, region, product_id, quantity, unit_price) VALUES (50019, '2024-01-01', 'NA', 1003, 1, 39.99);
INSERT INTO sales (order_id, order_date, region, product_id, quantity, unit_price) VALUES (50020, '2024-01-01', 'NA', 1003, 3, 39.99);
INSERT INTO sales (order_id, order_date, region, product_id, quantity, unit_price) VALUES (50021, '2024-01-01', 'NA', 1005, 1, 149.99);
INSERT INTO sales (order_id, order_date, region, product_id, quantity, unit_price) VALUES (50022, '2024-01-01', 'NA', 1002, 1, 89.99);
INSERT INTO sales (order_id, order_date, region, product_id, quantity, unit_price) VALUES (50023, '2024-01-01', 'NA', 1004, 2, 99.99);
INSERT INTO sales (order_id, order_date, region, product_id, quantity, unit_price) VALUES (50024, '2024-01-01', 'NA', 1002, 2, 89.99);
INSERT INTO sales (order_id, order_date, region, product_id, quantity, unit_price) VALUES (50025, '2024-01-01', 'NA', 1001, 2, 29.99);
INSERT INTO sales (order_id, order_date, region, product_id, quantity, unit_price) VALUES (50026, '2024-01-01', 'NA', 1005, 2, 149.99);
INSERT INTO sales (order_id, order_date, region, product_id, quantity, unit_price) VALUES (50027, '2024-01-01', 'NA', 1004, 3, 99.99);
INSERT INTO sales (order_id, order_date, region, product_id, quantity, unit_price) VALUES (50028, '2024-01-01', 'NA', 1004, 3, 99.99);
INSERT INTO sales (order_id, order_date, region, product_id, quantity, unit_price) VALUES (50029, '2024-01-01', 'NA', 1004, 1, 99.99);
INSERT INTO sales (order_id, order_date, region, product_id, quantity, unit_price) VALUES (50030, '2024-01-01', 'NA', 1003, 2, 39.99);
INSERT INTO sales (order_id, order_date, region, product_id, quantity, unit_price) VALUES (50031, '2024-01-01', 'NA', 1001, 2, 29.99);
INSERT INTO sales (order_id, order_date, region, product_id, quantity, unit_price) VALUES (50032, '2024-01-02', 'EU', 1004, 2, 99.99);
INSERT INTO sales (order_id, order_date, region, product_id, quantity, unit_price) VALUES (50033, '2024-01-02', 'EU', 1006, 2, 24.99);
INSERT INTO sales (order_id, order_date, region, product_id, quantity, unit_price) VALUES (50034, '2024-01-02', 'EU', 1006, 2, 24.99);
INSERT INTO sales (order_id, order_date, region, product_id, quantity, unit_price) VALUES (50035, '2024-01-02', 'EU', 1004, 2, 99.99);
INSERT INTO sales (order_id, order_date, region, product_id, quantity, unit_price) VALUES (50036, '2024-01-02', 'EU', 1005, 3, 149.99);
INSERT INTO sales (order_id, order_date, region, product_id, quantity, unit_price) VALUES (50037, '2024-01-02', 'EU', 1002, 2, 89.99);
INSERT INTO sales (order_id, order_date, region, product_id, quantity, unit_price) VALUES (50038, '2024-01-02', 'EU', 1004, 2, 99.99);
INSERT INTO sales (order_id, order_date, region, product_id, quantity, unit_price) VALUES (50039, '2024-01-02', 'EU', 1002, 2, 89.99);
INSERT INTO sales (order_id, order_date, region, product_id, quantity, unit_price) VALUES (50040, '2024-01-02', 'EU', 1004, 2, 99.99);
INSERT INTO sales (order_id, order_date, region, product_id, quantity, unit_price) VALUES (50041, '2024-01-02', 'EU', 1006, 3, 24.99);
INSERT INTO sales (order_id, order_date, region, product_id, quantity, unit_price) VALUES (50042, '2024-01-02', 'EU', 1004, 1, 99.99);
INSERT INTO sales (order_id, order_date, region, product_id, quantity, unit_price) VALUES (50043, '2024-01-02', 'EU', 1006, 1, 24.99);
INSERT INTO sales (order_id, order_date, region, product_id, quantity, unit_price) VALUES (50044, '2024-01-02', 'EU', 1005, 2, 149.99);
INSERT INTO sales (order_id, order_date, region, product_id, quantity, unit_price) VALUES (50045, '2024-01-02', 'EU', 1005, 2, 149.99);
INSERT INTO sales (order_id, order_date, region, product_id, quantity, unit_price) VALUES (50046, '2024-01-02', 'EU', 1001, 1, 29.99);
INSERT INTO sales (order_id, order_date, region, product_id, quantity, unit_price) VALUES (50047, '2024-01-02', 'NA', 1005, 3, 149.99);
INSERT INTO sales (order_id, order_date, region, product_id, quantity, unit_price) VALUES (50048, '2024-01-02', 'NA', 1005, 1, 149.99);
INSERT INTO sales (order_id, order_date, region, product_id, quantity, unit_price) VALUES (50049, '2024-01-02', 'NA', 1001, 3, 29.99);
INSERT INTO sales (order_id, order_date, region, product_id, quantity, unit_price) VALUES (50050, '2024-01-02', 'NA', 1001, 1, 29.99);
INSERT INTO sales (order_id, order_date, region, product_id, quantity, unit_price) VALUES (50051, '2024-01-02', 'NA', 1004, 3, 99.99);
INSERT INTO sales (order_id, order_date, region, product_id, quantity, unit_price) VALUES (50052, '2024-01-02', 'NA', 1003, 3, 39.99);
INSERT INTO sales (order_id, order_date, region, product_id, quantity, unit_price) VALUES (50053, '2024-01-02', 'NA', 1001, 3, 29.99);
INSERT INTO sales (order_id, order_date, region, product_id, quantity, unit_price) VALUES (50054, '2024-01-02', 'NA', 1003, 1, 39.99);
INSERT INTO sales (order_id, order_date, region, product_id, quantity, unit_price) VALUES (50055, '2024-01-02', 'NA', 1003, 1, 39.99);
INSERT INTO sales (order_id, order_date, region, product_id, quantity, unit_price) VALUES (50056, '2024-01-02', 'NA', 1002, 3, 89.99);
INSERT INTO sales (order_id, order_date, region, product_id, quantity, unit_price) VALUES (50057, '2024-01-02', 'NA', 1002, 1, 89.99);
INSERT INTO sales (order_id, order_date, region, product_id, quantity, unit_price) VALUES (50058, '2024-01-02', 'NA', 1004, 3, 99.99);
INSERT INTO sales (order_id, order_date, region, product_id, quantity, unit_price) VALUES (50059, '2024-01-02', 'NA', 1001, 2, 29.99);
INSERT INTO sales (order_id, order_date, region, product_id, quantity, unit_price) VALUES (50060, '2024-01-02', 'NA', 1001, 3, 29.99);
INSERT INTO sales (order_id, order_date, region, product_id, quantity, unit_price) VALUES (50061, '2024-01-02', 'NA', 1006, 1, 24.99);
INSERT INTO sales (order_id, order_date, region, product_id, quantity, unit_price) VALUES (50062, '2024-01-02', 'NA', 1003, 2, 39.99);
INSERT INTO sales (order_id, order_date, region, product_id, quantity, unit_price) VALUES (50063, '2024-01-03', 'EU', 1003, 1, 39.99);
INSERT INTO sales (order_id, order_date, region, product_id, quantity, unit_price) VALUES (50064, '2024-01-03', 'EU', 1003, 1, 39.99);
INSERT INTO sales (order_id, order_date, region, product_id, quantity, unit_price) VALUES (50065, '2024-01-03', 'EU', 1006, 3, 24.99);
INSERT INTO sales (order_id, order_date, region, product_id, quantity, unit_price) VALUES (50066, '2024-01-03', 'EU', 1001, 1, 29.99);
INSERT INTO sales (order_id, order_date, region, product_id, quantity, unit_price) VALUES (50067, '2024-01-03', 'EU', 1002, 3, 89.99);
INSERT INTO sales (order_id, order_date, region, product_id, quantity, unit_price) VALUES (50068, '2024-01-03', 'EU', 1006, 3, 24.99);
INSERT INTO sales (order_id, order_date, region, product_id, quantity, unit_price) VALUES (50069, '2024-01-03', 'EU', 1003, 1, 39.99);
INSERT INTO sales (order_id, order_date, region, product_id, quantity, unit_price) VALUES (50070, '2024-01-03', 'EU', 1002, 2, 89.99);
INSERT INTO sales (order_id, order_date, region, product_id, quantity, unit_price) VALUES (50071, '2024-01-03', 'EU', 1004, 1, 99.99);
INSERT INTO sales (order_id, order_date, region, product_id, quantity, unit_price) VALUES (50072, '2024-01-03', 'EU', 1003, 3, 39.99);
INSERT INTO sales (order_id, order_date, region, product_id, quantity, unit_price) VALUES (50073, '2024-01-03', 'EU', 1001, 1, 29.99);
INSERT INTO sales (order_id, order_date, region, product_id, quantity, unit_price) VALUES (50074, '2024-01-03', 'EU', 1004, 2, 99.99);
INSERT INTO sales (order_id, order_date, region, product_id, quantity, unit_price) VALUES (50075, '2024-01-03', 'EU', 1005, 3, 149.99);
INSERT INTO sales (order_id, order_date, region, product_id, quantity, unit_price) VALUES (50076, '2024-01-03', 'EU', 1005, 3, 149.99);
INSERT INTO sales (order_id, order_date, region, product_id, quantity, unit_price) VALUES (50077, '2024-01-03', 'EU', 1003, 1, 39.99);
INSERT INTO sales (order_id, order_date, region, product_id, quantity, unit_price) VALUES (50078, '2024-01-03', 'EU', 1004, 1, 99.99);
INSERT INTO sales (order_id, order_date, region, product_id, quantity, unit_price) VALUES (50079, '2024-01-03', 'EU', 1003, 3, 39.99);
INSERT INTO sales (order_id, order_date, region, product_id, quantity, unit_price) VALUES (50080, '2024-01-03', 'EU', 1006, 2, 24.99);
INSERT INTO sales (order_id, order_date, region, product_id, quantity, unit_price) VALUES (50081, '2024-01-03', 'NA', 1005, 2, 149.99);
INSERT INTO sales (order_id, order_date, region, product_id, quantity, unit_price) VALUES (50082, '2024-01-03', 'NA', 1001, 1, 29.99);
INSERT INTO sales (order_id, order_date, region, product_id, quantity, unit_price) VALUES (50083, '2024-01-03', 'NA', 1006, 2, 24.99);
INSERT INTO sales (order_id, order_date, region, product_id, quantity, unit_price) VALUES (50084, '2024-01-03', 'NA', 1006, 3, 24.99);
INSERT INTO sales (order_id, order_date, region, product_id, quantity, unit_price) VALUES (50085, '2024-01-03', 'NA', 1002, 3, 89.99);
INSERT INTO sales (order_id, order_date, region, product_id, quantity, unit_price) VALUES (50086, '2024-01-03', 'NA', 1004, 1, 99.99);
INSERT INTO sales (order_id, order_date, region, product_id, quantity, unit_price) VALUES (50087, '2024-01-03', 'NA', 1006, 1, 24.99);
INSERT INTO sales (order_id, order_date, region, product_id, quantity, unit_price) VALUES (50088, '2024-01-03', 'NA', 1001, 1, 29.99);
INSERT INTO sales (order_id, order_date, region, product_id, quantity, unit_price) VALUES (50089, '2024-01-03', 'NA', 1003, 2, 39.99);
INSERT INTO sales (order_id, order_date, region, product_id, quantity, unit_price) VALUES (50090, '2024-01-03', 'NA', 1001, 1, 29.99);
INSERT INTO sales (order_id, order_date, region, product_id, quantity, unit_price) VALUES (50091, '2024-01-03', 'NA', 1001, 3, 29.99);
INSERT INTO sales (order_id, order_date, region, product_id, quantity, unit_price) VALUES (50092, '2024-01-03', 'NA', 1006, 3, 24.99);
INSERT INTO sales (order_id, order_date, region, product_id, quantity, unit_price) VALUES (50093, '2024-01-03', 'NA', 1001, 2, 29.99);
INSERT INTO sales (order_id, order_date, region, product_id, quantity, unit_price) VALUES (50094, '2024-01-03', 'NA', 1005, 1, 149.99);
INSERT INTO sales (order_id, order_date, region, product_id, quantity, unit_price) VALUES (50095, '2024-01-03', 'NA', 1003, 2, 39.99);
INSERT INTO sales (order_id, order_date, region, product_id, quantity, unit_price) VALUES (50096, '2024-01-03', 'NA', 1004, 3, 99.99);
INSERT INTO sales (order_id, order_date, region, product_id, quantity, unit_price) VALUES (50097, '2024-01-03', 'NA', 1003, 2, 39.99);
INSERT INTO sales (order_id, order_date, region, product_id, quantity, unit_price) VALUES (50098, '2024-01-04', 'EU', 1001, 1, 29.99);
INSERT INTO sales (order_id, order_date, region, product_id, quantity, unit_price) VALUES (50099, '2024-01-04', 'EU', 1006, 1, 24.99);
INSERT INTO sales (order_id, order_date, region, product_id, quantity, unit_price) VALUES (50100, '2024-01-04', 'EU', 1002, 2, 89.99);
INSERT INTO sales (order_id, order_date, region, product_id, quantity, unit_price) VALUES (50101, '2024-01-04', 'EU', 1002, 3, 89.99);
INSERT INTO sales (order_id, order_date, region, product_id, quantity, unit_price) VALUES (50102, '2024-01-04', 'EU', 1001, 1, 29.99);
INSERT INTO sales (order_id, order_date, region, product_id, quantity, unit_price) VALUES (50103, '2024-01-04', 'EU', 1001, 1, 29.99);
INSERT INTO sales (order_id, order_date, region, product_id, quantity, unit_price) VALUES (50104, '2024-01-04', 'EU', 1003, 1, 39.99);
INSERT INTO sales (order_id, order_date, region, product_id, quantity, unit_price) VALUES (50105, '2024-01-04', 'EU', 1002, 2, 89.99);
INSERT INTO sales (order_id, order_date, region, product_id, quantity, unit_price) VALUES (50106, '2024-01-04', 'EU', 1004, 2, 99.99);
INSERT INTO sales (order_id, order_date, region, product_id, quantity, unit_price) VALUES (50107, '2024-01-04', 'EU', 1005, 1, 149.99);
INSERT INTO sales (order_id, order_date, region, product_id, quantity, unit_price) VALUES (50108, '2024-01-04', 'EU', 1001, 3, 29.99);
INSERT INTO sales (order_id, order_date, region, product_id, quantity, unit_price) VALUES (50109, '2024-01-04', 'EU', 1006, 2, 24.99);
INSERT INTO sales (order_id, order_date, region, product_id, quantity, unit_price) VALUES (50110, '2024-01-04', 'EU', 1005, 2, 149.99);
INSERT INTO sales (order_id, order_date, region, product_id, quantity, unit_price) VALUES (50111, '2024-01-04', 'EU', 1006, 3, 24.99);
INSERT INTO sales (order_id, order_date, region, product_id, quantity, unit_price) VALUES (50112, '2024-01-04', 'EU', 1004, 3, 99.99);
INSERT INTO sales (order_id, order_date, region, product_id, quantity, unit_price) VALUES (50113, '2024-01-04', 'NA', 1003, 1, 39.99);
INSERT INTO sales (order_id, order_date, region, product_id, quantity, unit_price) VALUES (50114, '2024-01-04', 'NA', 1006, 1, 24.99);
INSERT INTO sales (order_id, order_date, region, product_id, quantity, unit_price) VALUES (50115, '2024-01-04', 'NA', 1004, 2, 99.99);
INSERT INTO sales (order_id, order_date, region, product_id, quantity, unit_price) VALUES (50116, '2024-01-04', 'NA', 1006, 2, 24.99);
INSERT INTO sales (order_id, order_date, region, product_id, quantity, unit_price) VALUES (50117, '2024-01-04', 'NA', 1003, 3, 39.99);
INSERT INTO sales (order_id, order_date, region, product_id, quantity, unit_price) VALUES (50118, '2024-01-04', 'NA', 1001, 1, 29.99);
INSERT INTO sales (order_id, order_date, region, product_id, quantity, unit_price) VALUES (50119, '2024-01-04', 'NA', 1004, 3, 99.99);
INSERT INTO sales (order_id, order_date, region, product_id, quantity, unit_price) VALUES (50120, '2024-01-04', 'NA', 1006, 1, 24.99);
INSERT INTO sales (order_id, order_date, region, product_id, quantity, unit_price) VALUES (50121, '2024-01-04', 'NA', 1003, 3, 39.99);
INSERT INTO sales (order_id, order_date, region, product_id, quantity, unit_price) VALUES (50122, '2024-01-04', 'NA', 1004, 3, 99.99);
INSERT INTO sales (order_id, order_date, region, product_id, quantity, unit_price) VALUES (50123, '2024-01-04', 'NA', 1002, 3, 89.99);
INSERT INTO sales (order_id, order_date, region, product_id, quantity, unit_price) VALUES (50124, '2024-01-04', 'NA', 1003, 3, 39.99);
INSERT INTO sales (order_id, order_date, region, product_id, quantity, unit_price) VALUES (50125, '2024-01-04', 'NA', 1004, 1, 99.99);
INSERT INTO sales (order_id, order_date, region, product_id, quantity, unit_price) VALUES (50126, '2024-01-04', 'NA', 1001, 3, 29.99);
INSERT INTO sales (order_id, order_date, region, product_id, quantity, unit_price) VALUES (50127, '2024-01-04', 'NA', 1002, 1, 89.99);
INSERT INTO sales (order_id, order_date, region, product_id, quantity, unit_price) VALUES (50128, '2024-01-04', 'NA', 1003, 1, 39.99);
INSERT INTO sales (order_id, order_date, region, product_id, quantity, unit_price) VALUES (50129, '2024-01-04', 'NA', 1001, 2, 29.99);
INSERT INTO sales (order_id, order_date, region, product_id, quantity, unit_price) VALUES (50130, '2024-01-04', 'NA', 1006, 2, 24.99);
INSERT INTO sales (order_id, order_date, region, product_id, quantity, unit_price) VALUES (50131, '2024-01-05', 'EU', 1004, 2, 99.99);
INSERT INTO sales (order_id, order_date, region, product_id, quantity, unit_price) VALUES (50132, '2024-01-05', 'EU', 1001, 1, 29.99);
INSERT INTO sales (order_id, order_date, region, product_id, quantity, unit_price) VALUES (50133, '2024-01-05', 'EU', 1002, 1, 89.99);
INSERT INTO sales (order_id, order_date, region, product_id, quantity, unit_price) VALUES (50134, '2024-01-05', 'EU', 1006, 1, 24.99);
INSERT INTO sales (order_id, order_date, region, product_id, quantity, unit_price) VALUES (50135, '2024-01-05', 'EU', 1005, 3, 149.99);
INSERT INTO sales (order_id, order_date, region, product_id, quantity, unit_price) VALUES (50136, '2024-01-05', 'EU', 1001, 1, 29.99);
INSERT INTO sales (order_id, order_date, region, product_id, quantity, unit_price) VALUES (50137, '2024-01-05', 'EU', 1003, 3, 39.99);
INSERT INTO sales (order_id, order_date, region, product_id, quantity, unit_price) VALUES (50138, '2024-01-05', 'EU', 1003, 2, 39.99);
INSERT INTO sales (order_id, order_date, region, product_id, quantity, unit_price) VALUES (50139, '2024-01-05', 'EU', 1001, 3, 29.99);
INSERT INTO sales (order_id, order_date, region, product_id, quantity, unit_price) VALUES (50140, '2024-01-05', 'EU', 1001, 2, 29.99);
INSERT INTO sales (order_id, order_date, region, product_id, quantity, unit_price) VALUES (50141, '2024-01-05', 'NA', 1004, 2, 99.99);
INSERT INTO sales (order_id, order_date, region, product_id, quantity, unit_price) VALUES (50142, '2024-01-05', 'NA', 1003, 2, 39.99);
INSERT INTO sales (order_id, order_date, region, product_id, quantity, unit_price) VALUES (50143, '2024-01-05', 'NA', 1001, 3, 29.99);
INSERT INTO sales (order_id, order_date, region, product_id, quantity, unit_price) VALUES (50144, '2024-01-05', 'NA', 1001, 1, 29.99);
INSERT INTO sales (order_id, order_date, region, product_id, quantity, unit_price) VALUES (50145, '2024-01-05', 'NA', 1002, 2, 89.99);
INSERT INTO sales (order_id, order_date, region, product_id, quantity, unit_price) VALUES (50146, '2024-01-05', 'NA', 1002, 2, 89.99);
INSERT INTO sales (order_id, order_date, region, product_id, quantity, unit_price) VALUES (50147, '2024-01-05', 'NA', 1006, 3, 24.99);
INSERT INTO sales (order_id, order_date, region, product_id, quantity, unit_price) VALUES (50148, '2024-01-05', 'NA', 1005, 1, 149.99);
INSERT INTO sales (order_id, order_date, region, product_id, quantity, unit_price) VALUES (50149, '2024-01-05', 'NA', 1004, 1, 99.99);
INSERT INTO sales (order_id, order_date, region, product_id, quantity, unit_price) VALUES (50150, '2024-01-05', 'NA', 1004, 1, 99.99);
INSERT INTO sales (order_id, order_date, region, product_id, quantity, unit_price) VALUES (50151, '2024-01-05', 'NA', 1006, 1, 24.99);
INSERT INTO sales (order_id, order_date, region, product_id, quantity, unit_price) VALUES (50152, '2024-01-05', 'NA', 1004, 3, 99.99);
INSERT INTO sales (order_id, order_date, region, product_id, quantity, unit_price) VALUES (50153, '2024-01-05', 'NA', 1003, 1, 39.99);
INSERT INTO sales (order_id, order_date, region, product_id, quantity, unit_price) VALUES (50154, '2024-01-05', 'NA', 1001, 3, 29.99);
INSERT INTO sales (order_id, order_date, region, product_id, quantity, unit_price) VALUES (50155, '2024-01-05', 'NA', 1003, 2, 39.99);
INSERT INTO sales (order_id, order_date, region, product_id, quantity, unit_price) VALUES (50156, '2024-01-06', 'EU', 1006, 2, 24.99);
INSERT INTO sales (order_id, order_date, region, product_id, quantity, unit_price) VALUES (50157, '2024-01-06', 'EU', 1006, 2, 24.99);
INSERT INTO sales (order_id, order_date, region, product_id, quantity, unit_price) VALUES (50158, '2024-01-06', 'EU', 1006, 1, 24.99);
INSERT INTO sales (order_id, order_date, region, product_id, quantity, unit_price) VALUES (50159, '2024-01-06', 'EU', 1003, 2, 39.99);
INSERT INTO sales (order_id, order_date, region, product_id, quantity, unit_price) VALUES (50160, '2024-01-06', 'EU', 1003, 3, 39.99);
INSERT INTO sales (order_id, order_date, region, product_id, quantity, unit_price) VALUES (50161, '2024-01-06', 'EU', 1002, 1, 89.99);
INSERT INTO sales (order_id, order_date, region, product_id, quantity, unit_price) VALUES (50162, '2024-01-06', 'EU', 1006, 1, 24.99);
INSERT INTO sales (order_id, order_date, region, product_id, quantity, unit_price) VALUES (50163, '2024-01-06', 'EU', 1004, 3, 99.99);
INSERT INTO sales (order_id, order_date, region, product_id, quantity, unit_price) VALUES (50164, '2024-01-06', 'EU', 1001, 1, 29.99);
INSERT INTO sales (order_id, order_date, region, product_id, quantity, unit_price) VALUES (50165, '2024-01-06', 'EU', 1004, 1, 99.99);
INSERT INTO sales (order_id, order_date, region, product_id, quantity, unit_price) VALUES (50166, '2024-01-06', 'EU', 1003, 3, 39.99);
INSERT INTO sales (order_id, order_date, region, product_id, quantity, unit_price) VALUES (50167, '2024-01-06', 'EU', 1001, 1, 29.99);
INSERT INTO sales (order_id, order_date, region, product_id, quantity, unit_price) VALUES (50168, '2024-01-06', 'EU', 1004, 2, 99.99);
INSERT INTO sales (order_id, order_date, region, product_id, quantity, unit_price) VALUES (50169, '2024-01-06', 'EU', 1005, 2, 149.99);
INSERT INTO sales (order_id, order_date, region, product_id, quantity, unit_price) VALUES (50170, '2024-01-06', 'NA', 1006, 3, 24.99);
INSERT INTO sales (order_id, order_date, region, product_id, quantity, unit_price) VALUES (50171, '2024-01-06', 'NA', 1004, 1, 99.99);
INSERT INTO sales (order_id, order_date, region, product_id, quantity, unit_price) VALUES (50172, '2024-01-06', 'NA', 1005, 1, 149.99);
INSERT INTO sales (order_id, order_date, region, product_id, quantity, unit_price) VALUES (50173, '2024-01-06', 'NA', 1001, 2, 29.99);
INSERT INTO sales (order_id, order_date, region, product_id, quantity, unit_price) VALUES (50174, '2024-01-06', 'NA', 1005, 3, 149.99);
INSERT INTO sales (order_id, order_date, region, product_id, quantity, unit_price) VALUES (50175, '2024-01-06', 'NA', 1003, 1, 39.99);
INSERT INTO sales (order_id, order_date, region, product_id, quantity, unit_price) VALUES (50176, '2024-01-06', 'NA', 1004, 3, 99.99);
INSERT INTO sales (order_id, order_date, region, product_id, quantity, unit_price) VALUES (50177, '2024-01-06', 'NA', 1005, 1, 149.99);
INSERT INTO sales (order_id, order_date, region, product_id, quantity, unit_price) VALUES (50178, '2024-01-06', 'NA', 1001, 3, 29.99);
INSERT INTO sales (order_id, order_date, region, product_id, quantity, unit_price) VALUES (50179, '2024-01-06', 'NA', 1002, 1, 89.99);
INSERT INTO sales (order_id, order_date, region, product_id, quantity, unit_price) VALUES (50180, '2024-01-06', 'NA', 1002, 3, 89.99);
INSERT INTO sales (order_id, order_date, region, product_id, quantity, unit_price) VALUES (50181, '2024-01-06', 'NA', 1006, 2, 24.99);
INSERT INTO sales (order_id, order_date, region, product_id, quantity, unit_price) VALUES (50182, '2024-01-07', 'EU', 1006, 2, 24.99);
INSERT INTO sales (order_id, order_date, region, product_id, quantity, unit_price) VALUES (50183, '2024-01-07', 'EU', 1006, 3, 24.99);
INSERT INTO sales (order_id, order_date, region, product_id, quantity, unit_price) VALUES (50184, '2024-01-07', 'EU', 1002, 3, 89.99);
INSERT INTO sales (order_id, order_date, region, product_id, quantity, unit_price) VALUES (50185, '2024-01-07', 'EU', 1003, 2, 39.99);
INSERT INTO sales (order_id, order_date, region, product_id, quantity, unit_price) VALUES (50186, '2024-01-07', 'EU', 1002, 2, 89.99);
INSERT INTO sales (order_id, order_date, region, product_id, quantity, unit_price) VALUES (50187, '2024-01-07', 'EU', 1001, 1, 29.99);
INSERT INTO sales (order_id, order_date, region, product_id, quantity, unit_price) VALUES (50188, '2024-01-07', 'EU', 1001, 3, 29.99);
INSERT INTO sales (order_id, order_date, region, product_id, quantity, unit_price) VALUES (50189, '2024-01-07', 'EU', 1006, 3, 24.99);
INSERT INTO sales (order_id, order_date, region, product_id, quantity, unit_price) VALUES (50190, '2024-01-07', 'EU', 1005, 2, 149.99);
INSERT INTO sales (order_id, order_date, region, product_id, quantity, unit_price) VALUES (50191, '2024-01-07', 'EU', 1002, 3, 89.99);
INSERT INTO sales (order_id, order_date, region, product_id, quantity, unit_price) VALUES (50192, '2024-01-07', 'NA', 1001, 1, 29.99);
INSERT INTO sales (order_id, order_date, region, product_id, quantity, unit_price) VALUES (50193, '2024-01-07', 'NA', 1004, 2, 99.99);
INSERT INTO sales (order_id, order_date, region, product_id, quantity, unit_price) VALUES (50194, '2024-01-07', 'NA', 1001, 1, 29.99);
INSERT INTO sales (order_id, order_date, region, product_id, quantity, unit_price) VALUES (50195, '2024-01-07', 'NA', 1004, 1, 99.99);
INSERT INTO sales (order_id, order_date, region, product_id, quantity, unit_price) VALUES (50196, '2024-01-07', 'NA', 1006, 2, 24.99);
INSERT INTO sales (order_id, order_date, region, product_id, quantity, unit_price) VALUES (50197, '2024-01-07', 'NA', 1004, 3, 99.99);
INSERT INTO sales (order_id, order_date, region, product_id, quantity, unit_price) VALUES (50198, '2024-01-07', 'NA', 1004, 2, 99.99);
INSERT INTO sales (order_id, order_date, region, product_id, quantity, unit_price) VALUES (50199, '2024-01-07', 'NA', 1002, 3, 89.99);
INSERT INTO sales (order_id, order_date, region, product_id, quantity, unit_price) VALUES (50200, '2024-01-07', 'NA', 1006, 3, 24.99);
INSERT INTO sales (order_id, order_date, region, product_id, quantity, unit_price) VALUES (50201, '2024-01-08', 'EU', 1002, 3, 89.99);
INSERT INTO sales (order_id, order_date, region, product_id, quantity, unit_price) VALUES (50202, '2024-01-08', 'EU', 1006, 1, 24.99);
INSERT INTO sales (order_id, order_date, region, product_id, quantity, unit_price) VALUES (50203, '2024-01-08', 'EU', 1006, 2, 24.99);
INSERT INTO sales (order_id, order_date, region, product_id, quantity, unit_price) VALUES (50204, '2024-01-08', 'EU', 1002, 2, 89.99);
INSERT INTO sales (order_id, order_date, region, product_id, quantity, unit_price) VALUES (50205, '2024-01-08', 'EU', 1001, 2, 29.99);
INSERT INTO sales (order_id, order_date, region, product_id, quantity, unit_price) VALUES (50206, '2024-01-08', 'EU', 1006, 3, 24.99);
INSERT INTO sales (order_id, order_date, region, product_id, quantity, unit_price) VALUES (50207, '2024-01-08', 'EU', 1006, 3, 24.99);
INSERT INTO sales (order_id, order_date, region, product_id, quantity, unit_price) VALUES (50208, '2024-01-08', 'EU', 1004, 1, 99.99);
INSERT INTO sales (order_id, order_date, region, product_id, quantity, unit_price) VALUES (50209, '2024-01-08', 'EU', 1001, 1, 29.99);
INSERT INTO sales (order_id, order_date, region, product_id, quantity, unit_price) VALUES (50210, '2024-01-08', 'EU', 1004, 1, 99.99);
INSERT INTO sales (order_id, order_date, region, product_id, quantity, unit_price) VALUES (50211, '2024-01-08', 'EU', 1004, 2, 99.99);
INSERT INTO sales (order_id, order_date, region, product_id, quantity, unit_price) VALUES (50212, '2024-01-08', 'EU', 1005, 2, 149.99);
INSERT INTO sales (order_id, order_date, region, product_id, quantity, unit_price) VALUES (50213, '2024-01-08', 'EU', 1003, 3, 39.99);
INSERT INTO sales (order_id, order_date, region, product_id, quantity, unit_price) VALUES (50214, '2024-01-08', 'EU', 1004, 1, 99.99);
INSERT INTO sales (order_id, order_date, region, product_id, quantity, unit_price) VALUES (50215, '2024-01-08', 'EU', 1002, 2, 89.99);
INSERT INTO sales (order_id, order_date, region, product_id, quantity, unit_price) VALUES (50216, '2024-01-08', 'EU', 1006, 3, 24.99);
INSERT INTO sales (order_id, order_date, region, product_id, quantity, unit_price) VALUES (50217, '2024-01-08', 'NA', 1003, 2, 39.99);
INSERT INTO sales (order_id, order_date, region, product_id, quantity, unit_price) VALUES (50218, '2024-01-08', 'NA', 1002, 1, 89.99);
INSERT INTO sales (order_id, order_date, region, product_id, quantity, unit_price) VALUES (50219, '2024-01-08', 'NA', 1002, 1, 89.99);
INSERT INTO sales (order_id, order_date, region, product_id, quantity, unit_price) VALUES (50220, '2024-01-08', 'NA', 1006, 3, 24.99);
INSERT INTO sales (order_id, order_date, region, product_id, quantity, unit_price) VALUES (50221, '2024-01-08', 'NA', 1001, 1, 29.99);
INSERT INTO sales (order_id, order_date, region, product_id, quantity, unit_price) VALUES (50222, '2024-01-08', 'NA', 1001, 2, 29.99);
INSERT INTO sales (order_id, order_date, region, product_id, quantity, unit_price) VALUES (50223, '2024-01-08', 'NA', 1002, 1, 89.99);
INSERT INTO sales (order_id, order_date, region, product_id, quantity, unit_price) VALUES (50224, '2024-01-08', 'NA', 1002, 2, 89.99);
INSERT INTO sales (order_id, order_date, region, product_id, quantity, unit_price) VALUES (50225, '2024-01-09', 'EU', 1001, 1, 29.99);
INSERT INTO sales (order_id, order_date, region, product_id, quantity, unit_price) VALUES (50226, '2024-01-09', 'EU', 1005, 1, 149.99);
INSERT INTO sales (order_id, order_date, region, product_id, quantity, unit_price) VALUES (50227, '2024-01-09', 'EU', 1005, 3, 149.99);
INSERT INTO sales (order_id, order_date, region, product_id, quantity, unit_price) VALUES (50228, '2024-01-09', 'EU', 1005, 2, 149.99);
INSERT INTO sales (order_id, order_date, region, product_id, quantity, unit_price) VALUES (50229, '2024-01-09', 'EU', 1005, 3, 149.99);
INSERT INTO sales (order_id, order_date, region, product_id, quantity, unit_price) VALUES (50230, '2024-01-09', 'EU', 1003, 2, 39.99);
INSERT INTO sales (order_id, order_date, region, product_id, quantity, unit_price) VALUES (50231, '2024-01-09', 'EU', 1003, 1, 39.99);
INSERT INTO sales (order_id, order_date, region, product_id, quantity, unit_price) VALUES (50232, '2024-01-09', 'EU', 1006, 1, 24.99);
INSERT INTO sales (order_id, order_date, region, product_id, quantity, unit_price) VALUES (50233, '2024-01-09', 'EU', 1005, 2, 149.99);
INSERT INTO sales (order_id, order_date, region, product_id, quantity, unit_price) VALUES (50234, '2024-01-09', 'EU', 1004, 1, 99.99);
INSERT INTO sales (order_id, order_date, region, product_id, quantity, unit_price) VALUES (50235, '2024-01-09', 'EU', 1001, 2, 29.99);
INSERT INTO sales (order_id, order_date, region, product_id, quantity, unit_price) VALUES (50236, '2024-01-09', 'EU', 1006, 2, 24.99);
INSERT INTO sales (order_id, order_date, region, product_id, quantity, unit_price) VALUES (50237, '2024-01-09', 'EU', 1004, 1, 99.99);
INSERT INTO sales (order_id, order_date, region, product_id, quantity, unit_price) VALUES (50238, '2024-01-09', 'NA', 1002, 2, 89.99);
INSERT INTO sales (order_id, order_date, region, product_id, quantity, unit_price) VALUES (50239, '2024-01-09', 'NA', 1005, 3, 149.99);
INSERT INTO sales (order_id, order_date, region, product_id, quantity, unit_price) VALUES (50240, '2024-01-09', 'NA', 1004, 1, 99.99);
INSERT INTO sales (order_id, order_date, region, product_id, quantity, unit_price) VALUES (50241, '2024-01-09', 'NA', 1006, 2, 24.99);
INSERT INTO sales (order_id, order_date, region, product_id, quantity, unit_price) VALUES (50242, '2024-01-09', 'NA', 1005, 3, 149.99);
INSERT INTO sales (order_id, order_date, region, product_id, quantity, unit_price) VALUES (50243, '2024-01-09', 'NA', 1002, 2, 89.99);
INSERT INTO sales (order_id, order_date, region, product_id, quantity, unit_price) VALUES (50244, '2024-01-09', 'NA', 1006, 1, 24.99);
INSERT INTO sales (order_id, order_date, region, product_id, quantity, unit_price) VALUES (50245, '2024-01-09', 'NA', 1004, 2, 99.99);
INSERT INTO sales (order_id, order_date, region, product_id, quantity, unit_price) VALUES (50246, '2024-01-09', 'NA', 1004, 3, 99.99);
INSERT INTO sales (order_id, order_date, region, product_id, quantity, unit_price) VALUES (50247, '2024-01-09', 'NA', 1002, 2, 89.99);
INSERT INTO sales (order_id, order_date, region, product_id, quantity, unit_price) VALUES (50248, '2024-01-09', 'NA', 1003, 2, 39.99);
INSERT INTO sales (order_id, order_date, region, product_id, quantity, unit_price) VALUES (50249, '2024-01-09', 'NA', 1001, 1, 29.99);
INSERT INTO sales (order_id, order_date, region, product_id, quantity, unit_price) VALUES (50250, '2024-01-09', 'NA', 1005, 3, 149.99);
INSERT INTO sales (order_id, order_date, region, product_id, quantity, unit_price) VALUES (50251, '2024-01-09', 'NA', 1002, 1, 89.99);
INSERT INTO sales (order_id, order_date, region, product_id, quantity, unit_price) VALUES (50252, '2024-01-09', 'NA', 1004, 3, 99.99);
INSERT INTO sales (order_id, order_date, region, product_id, quantity, unit_price) VALUES (50253, '2024-01-09', 'NA', 1004, 2, 99.99);
INSERT INTO sales (order_id, order_date, region, product_id, quantity, unit_price) VALUES (50254, '2024-01-09', 'NA', 1003, 1, 39.99);
INSERT INTO sales (order_id, order_date, region, product_id, quantity, unit_price) VALUES (50255, '2024-01-09', 'NA', 1001, 1, 29.99);
INSERT INTO sales (order_id, order_date, region, product_id, quantity, unit_price) VALUES (50256, '2024-01-09', 'NA', 1003, 3, 39.99);
INSERT INTO sales (order_id, order_date, region, product_id, quantity, unit_price) VALUES (50257, '2024-01-10', 'EU', 1004, 3, 99.99);
INSERT INTO sales (order_id, order_date, region, product_id, quantity, unit_price) VALUES (50258, '2024-01-10', 'EU', 1001, 1, 29.99);
INSERT INTO sales (order_id, order_date, region, product_id, quantity, unit_price) VALUES (50259, '2024-01-10', 'EU', 1002, 3, 89.99);
INSERT INTO sales (order_id, order_date, region, product_id, quantity, unit_price) VALUES (50260, '2024-01-10', 'EU', 1004, 1, 99.99);
INSERT INTO sales (order_id, order_date, region, product_id, quantity, unit_price) VALUES (50261, '2024-01-10', 'EU', 1005, 3, 149.99);
INSERT INTO sales (order_id, order_date, region, product_id, quantity, unit_price) VALUES (50262, '2024-01-10', 'EU', 1006, 2, 24.99);
INSERT INTO sales (order_id, order_date, region, product_id, quantity, unit_price) VALUES (50263, '2024-01-10', 'EU', 1005, 3, 149.99);
INSERT INTO sales (order_id, order_date, region, product_id, quantity, unit_price) VALUES (50264, '2024-01-10', 'EU', 1002, 3, 89.99);
INSERT INTO sales (order_id, order_date, region, product_id, quantity, unit_price) VALUES (50265, '2024-01-10', 'EU', 1001, 2, 29.99);
INSERT INTO sales (order_id, order_date, region, product_id, quantity, unit_price) VALUES (50266, '2024-01-10', 'EU', 1005, 2, 149.99);
INSERT INTO sales (order_id, order_date, region, product_id, quantity, unit_price) VALUES (50267, '2024-01-10', 'EU', 1002, 2, 89.99);
INSERT INTO sales (order_id, order_date, region, product_id, quantity, unit_price) VALUES (50268, '2024-01-10', 'EU', 1006, 2, 24.99);
INSERT INTO sales (order_id, order_date, region, product_id, quantity, unit_price) VALUES (50269, '2024-01-10', 'NA', 1001, 3, 29.99);
INSERT INTO sales (order_id, order_date, region, product_id, quantity, unit_price) VALUES (50270, '2024-01-10', 'NA', 1004, 2, 99.99);
INSERT INTO sales (order_id, order_date, region, product_id, quantity, unit_price) VALUES (50271, '2024-01-10', 'NA', 1005, 2, 149.99);
INSERT INTO sales (order_id, order_date, region, product_id, quantity, unit_price) VALUES (50272, '2024-01-10', 'NA', 1005, 3, 149.99);
INSERT INTO sales (order_id, order_date, region, product_id, quantity, unit_price) VALUES (50273, '2024-01-10', 'NA', 1005, 1, 149.99);
INSERT INTO sales (order_id, order_date, region, product_id, quantity, unit_price) VALUES (50274, '2024-01-10', 'NA', 1005, 1, 149.99);
INSERT INTO sales (order_id, order_date, region, product_id, quantity, unit_price) VALUES (50275, '2024-01-10', 'NA', 1001, 2, 29.99);
INSERT INTO sales (order_id, order_date, region, product_id, quantity, unit_price) VALUES (50276, '2024-01-10', 'NA', 1005, 1, 149.99);
INSERT INTO sales (order_id, order_date, region, product_id, quantity, unit_price) VALUES (50277, '2024-01-10', 'NA', 1003, 1, 39.99);
INSERT INTO sales (order_id, order_date, region, product_id, quantity, unit_price) VALUES (50278, '2024-01-10', 'NA', 1003, 2, 39.99);
INSERT INTO sales (order_id, order_date, region, product_id, quantity, unit_price) VALUES (50279, '2024-01-11', 'EU', 1006, 1, 24.99);
INSERT INTO sales (order_id, order_date, region, product_id, quantity, unit_price) VALUES (50280, '2024-01-11', 'EU', 1004, 1, 99.99);
INSERT INTO sales (order_id, order_date, region, product_id, quantity, unit_price) VALUES (50281, '2024-01-11', 'EU', 1005, 3, 149.99);
INSERT INTO sales (order_id, order_date, region, product_id, quantity, unit_price) VALUES (50282, '2024-01-11', 'EU', 1001, 3, 29.99);
INSERT INTO sales (order_id, order_date, region, product_id, quantity, unit_price) VALUES (50283, '2024-01-11', 'EU', 1001, 2, 29.99);
INSERT INTO sales (order_id, order_date, region, product_id, quantity, unit_price) VALUES (50284, '2024-01-11', 'EU', 1001, 1, 29.99);
INSERT INTO sales (order_id, order_date, region, product_id, quantity, unit_price) VALUES (50285, '2024-01-11', 'EU', 1006, 1, 24.99);
INSERT INTO sales (order_id, order_date, region, product_id, quantity, unit_price) VALUES (50286, '2024-01-11', 'EU', 1006, 1, 24.99);
INSERT INTO sales (order_id, order_date, region, product_id, quantity, unit_price) VALUES (50287, '2024-01-11', 'NA', 1003, 1, 39.99);
INSERT INTO sales (order_id, order_date, region, product_id, quantity, unit_price) VALUES (50288, '2024-01-11', 'NA', 1004, 1, 99.99);
INSERT INTO sales (order_id, order_date, region, product_id, quantity, unit_price) VALUES (50289, '2024-01-11', 'NA', 1001, 3, 29.99);
INSERT INTO sales (order_id, order_date, region, product_id, quantity, unit_price) VALUES (50290, '2024-01-11', 'NA', 1004, 1, 99.99);
INSERT INTO sales (order_id, order_date, region, product_id, quantity, unit_price) VALUES (50291, '2024-01-11', 'NA', 1004, 2, 99.99);
INSERT INTO sales (order_id, order_date, region, product_id, quantity, unit_price) VALUES (50292, '2024-01-11', 'NA', 1004, 3, 99.99);
INSERT INTO sales (order_id, order_date, region, product_id, quantity, unit_price) VALUES (50293, '2024-01-11', 'NA', 1002, 3, 89.99);
INSERT INTO sales (order_id, order_date, region, product_id, quantity, unit_price) VALUES (50294, '2024-01-11', 'NA', 1005, 1, 149.99);
INSERT INTO sales (order_id, order_date, region, product_id, quantity, unit_price) VALUES (50295, '2024-01-11', 'NA', 1003, 1, 39.99);
INSERT INTO sales (order_id, order_date, region, product_id, quantity, unit_price) VALUES (50296, '2024-01-11', 'NA', 1004, 3, 99.99);
INSERT INTO sales (order_id, order_date, region, product_id, quantity, unit_price) VALUES (50297, '2024-01-11', 'NA', 1005, 1, 149.99);
INSERT INTO sales (order_id, order_date, region, product_id, quantity, unit_price) VALUES (50298, '2024-01-11', 'NA', 1001, 3, 29.99);
INSERT INTO sales (order_id, order_date, region, product_id, quantity, unit_price) VALUES (50299, '2024-01-11', 'NA', 1005, 1, 149.99);
INSERT INTO sales (order_id, order_date, region, product_id, quantity, unit_price) VALUES (50300, '2024-01-11', 'NA', 1002, 2, 89.99);
INSERT INTO sales (order_id, order_date, region, product_id, quantity, unit_price) VALUES (50301, '2024-01-11', 'NA', 1006, 3, 24.99);
INSERT INTO sales (order_id, order_date, region, product_id, quantity, unit_price) VALUES (50302, '2024-01-11', 'NA', 1002, 1, 89.99);
INSERT INTO sales (order_id, order_date, region, product_id, quantity, unit_price) VALUES (50303, '2024-01-11', 'NA', 1003, 3, 39.99);
INSERT INTO sales (order_id, order_date, region, product_id, quantity, unit_price) VALUES (50304, '2024-01-11', 'NA', 1005, 3, 149.99);
INSERT INTO sales (order_id, order_date, region, product_id, quantity, unit_price) VALUES (50305, '2024-01-12', 'EU', 1002, 3, 89.99);
INSERT INTO sales (order_id, order_date, region, product_id, quantity, unit_price) VALUES (50306, '2024-01-12', 'EU', 1004, 1, 99.99);
INSERT INTO sales (order_id, order_date, region, product_id, quantity, unit_price) VALUES (50307, '2024-01-12', 'EU', 1002, 2, 89.99);
INSERT INTO sales (order_id, order_date, region, product_id, quantity, unit_price) VALUES (50308, '2024-01-12', 'EU', 1004, 1, 99.99);
INSERT INTO sales (order_id, order_date, region, product_id, quantity, unit_price) VALUES (50309, '2024-01-12', 'EU', 1005, 2, 149.99);
INSERT INTO sales (order_id, order_date, region, product_id, quantity, unit_price) VALUES (50310, '2024-01-12', 'EU', 1006, 1, 24.99);
INSERT INTO sales (order_id, order_date, region, product_id, quantity, unit_price) VALUES (50311, '2024-01-12', 'EU', 1002, 1, 89.99);
INSERT INTO sales (order_id, order_date, region, product_id, quantity, unit_price) VALUES (50312, '2024-01-12', 'EU', 1002, 3, 89.99);
INSERT INTO sales (order_id, order_date, region, product_id, quantity, unit_price) VALUES (50313, '2024-01-12', 'EU', 1002, 2, 89.99);
INSERT INTO sales (order_id, order_date, region, product_id, quantity, unit_price) VALUES (50314, '2024-01-12', 'EU', 1005, 1, 149.99);
INSERT INTO sales (order_id, order_date, region, product_id, quantity, unit_price) VALUES (50315, '2024-01-12', 'EU', 1005, 2, 149.99);
INSERT INTO sales (order_id, order_date, region, product_id, quantity, unit_price) VALUES (50316, '2024-01-12', 'EU', 1003, 1, 39.99);
INSERT INTO sales (order_id, order_date, region, product_id, quantity, unit_price) VALUES (50317, '2024-01-12', 'EU', 1001, 2, 29.99);
INSERT INTO sales (order_id, order_date, region, product_id, quantity, unit_price) VALUES (50318, '2024-01-12', 'EU', 1004, 1, 99.99);
INSERT INTO sales (order_id, order_date, region, product_id, quantity, unit_price) VALUES (50319, '2024-01-12', 'EU', 1001, 1, 29.99);
INSERT INTO sales (order_id, order_date, region, product_id, quantity, unit_price) VALUES (50320, '2024-01-12', 'EU', 1004, 2, 99.99);
INSERT INTO sales (order_id, order_date, region, product_id, quantity, unit_price) VALUES (50321, '2024-01-12', 'EU', 1004, 3, 99.99);
INSERT INTO sales (order_id, order_date, region, product_id, quantity, unit_price) VALUES (50322, '2024-01-12', 'EU', 1003, 1, 39.99);
INSERT INTO sales (order_id, order_date, region, product_id, quantity, unit_price) VALUES (50323, '2024-01-12', 'NA', 1006, 3, 24.99);
INSERT INTO sales (order_id, order_date, region, product_id, quantity, unit_price) VALUES (50324, '2024-01-12', 'NA', 1003, 2, 39.99);
INSERT INTO sales (order_id, order_date, region, product_id, quantity, unit_price) VALUES (50325, '2024-01-12', 'NA', 1002, 3, 89.99);
INSERT INTO sales (order_id, order_date, region, product_id, quantity, unit_price) VALUES (50326, '2024-01-12', 'NA', 1006, 3, 24.99);
INSERT INTO sales (order_id, order_date, region, product_id, quantity, unit_price) VALUES (50327, '2024-01-12', 'NA', 1005, 1, 149.99);
INSERT INTO sales (order_id, order_date, region, product_id, quantity, unit_price) VALUES (50328, '2024-01-12', 'NA', 1002, 2, 89.99);
INSERT INTO sales (order_id, order_date, region, product_id, quantity, unit_price) VALUES (50329, '2024-01-12', 'NA', 1002, 1, 89.99);
INSERT INTO sales (order_id, order_date, region, product_id, quantity, unit_price) VALUES (50330, '2024-01-12', 'NA', 1001, 3, 29.99);
INSERT INTO sales (order_id, order_date, region, product_id, quantity, unit_price) VALUES (50331, '2024-01-12', 'NA', 1001, 3, 29.99);
INSERT INTO sales (order_id, order_date, region, product_id, quantity, unit_price) VALUES (50332, '2024-01-12', 'NA', 1005, 2, 149.99);
INSERT INTO sales (order_id, order_date, region, product_id, quantity, unit_price) VALUES (50333, '2024-01-12', 'NA', 1001, 3, 29.99);
INSERT INTO sales (order_id, order_date, region, product_id, quantity, unit_price) VALUES (50334, '2024-01-12', 'NA', 1004, 1, 99.99);
INSERT INTO sales (order_id, order_date, region, product_id, quantity, unit_price) VALUES (50335, '2024-01-12', 'NA', 1001, 1, 29.99);
INSERT INTO sales (order_id, order_date, region, product_id, quantity, unit_price) VALUES (50336, '2024-01-12', 'NA', 1006, 1, 24.99);
INSERT INTO sales (order_id, order_date, region, product_id, quantity, unit_price) VALUES (50337, '2024-01-12', 'NA', 1006, 2, 24.99);
INSERT INTO sales (order_id, order_date, region, product_id, quantity, unit_price) VALUES (50338, '2024-01-12', 'NA', 1004, 1, 99.99);
INSERT INTO sales (order_id, order_date, region, product_id, quantity, unit_price) VALUES (50339, '2024-01-12', 'NA', 1005, 1, 149.99);
INSERT INTO sales (order_id, order_date, region, product_id, quantity, unit_price) VALUES (50340, '2024-01-12', 'NA', 1005, 2, 149.99);
INSERT INTO sales (order_id, order_date, region, product_id, quantity, unit_price) VALUES (50341, '2024-01-12', 'NA', 1005, 3, 149.99);
INSERT INTO sales (order_id, order_date, region, product_id, quantity, unit_price) VALUES (50342, '2024-01-13', 'EU', 1005, 3, 149.99);
INSERT INTO sales (order_id, order_date, region, product_id, quantity, unit_price) VALUES (50343, '2024-01-13', 'EU', 1003, 1, 39.99);
INSERT INTO sales (order_id, order_date, region, product_id, quantity, unit_price) VALUES (50344, '2024-01-13', 'EU', 1002, 3, 89.99);
INSERT INTO sales (order_id, order_date, region, product_id, quantity, unit_price) VALUES (50345, '2024-01-13', 'EU', 1001, 1, 29.99);
INSERT INTO sales (order_id, order_date, region, product_id, quantity, unit_price) VALUES (50346, '2024-01-13', 'EU', 1006, 3, 24.99);
INSERT INTO sales (order_id, order_date, region, product_id, quantity, unit_price) VALUES (50347, '2024-01-13', 'EU', 1001, 1, 29.99);
INSERT INTO sales (order_id, order_date, region, product_id, quantity, unit_price) VALUES (50348, '2024-01-13', 'EU', 1006, 2, 24.99);
INSERT INTO sales (order_id, order_date, region, product_id, quantity, unit_price) VALUES (50349, '2024-01-13', 'EU', 1003, 3, 39.99);
INSERT INTO sales (order_id, order_date, region, product_id, quantity, unit_price) VALUES (50350, '2024-01-13', 'EU', 1001, 3, 29.99);
INSERT INTO sales (order_id, order_date, region, product_id, quantity, unit_price) VALUES (50351, '2024-01-13', 'EU', 1004, 2, 99.99);
INSERT INTO sales (order_id, order_date, region, product_id, quantity, unit_price) VALUES (50352, '2024-01-13', 'EU', 1006, 1, 24.99);
INSERT INTO sales (order_id, order_date, region, product_id, quantity, unit_price) VALUES (50353, '2024-01-13', 'EU', 1002, 2, 89.99);
INSERT INTO sales (order_id, order_date, region, product_id, quantity, unit_price) VALUES (50354, '2024-01-13', 'EU', 1002, 2, 89.99);
INSERT INTO sales (order_id, order_date, region, product_id, quantity, unit_price) VALUES (50355, '2024-01-13', 'EU', 1004, 1, 99.99);
INSERT INTO sales (order_id, order_date, region, product_id, quantity, unit_price) VALUES (50356, '2024-01-13', 'EU', 1001, 3, 29.99);
INSERT INTO sales (order_id, order_date, region, product_id, quantity, unit_price) VALUES (50357, '2024-01-13', 'EU', 1006, 3, 24.99);
INSERT INTO sales (order_id, order_date, region, product_id, quantity, unit_price) VALUES (50358, '2024-01-13', 'EU', 1001, 1, 29.99);
INSERT INTO sales (order_id, order_date, region, product_id, quantity, unit_price) VALUES (50359, '2024-01-13', 'EU', 1001, 1, 29.99);
INSERT INTO sales (order_id, order_date, region, product_id, quantity, unit_price) VALUES (50360, '2024-01-13', 'EU', 1004, 1, 99.99);
INSERT INTO sales (order_id, order_date, region, product_id, quantity, unit_price) VALUES (50361, '2024-01-13', 'NA', 1005, 1, 149.99);
INSERT INTO sales (order_id, order_date, region, product_id, quantity, unit_price) VALUES (50362, '2024-01-13', 'NA', 1006, 3, 24.99);
INSERT INTO sales (order_id, order_date, region, product_id, quantity, unit_price) VALUES (50363, '2024-01-13', 'NA', 1005, 2, 149.99);
INSERT INTO sales (order_id, order_date, region, product_id, quantity, unit_price) VALUES (50364, '2024-01-13', 'NA', 1002, 3, 89.99);
INSERT INTO sales (order_id, order_date, region, product_id, quantity, unit_price) VALUES (50365, '2024-01-13', 'NA', 1005, 3, 149.99);
INSERT INTO sales (order_id, order_date, region, product_id, quantity, unit_price) VALUES (50366, '2024-01-13', 'NA', 1001, 2, 29.99);
INSERT INTO sales (order_id, order_date, region, product_id, quantity, unit_price) VALUES (50367, '2024-01-13', 'NA', 1002, 2, 89.99);
INSERT INTO sales (order_id, order_date, region, product_id, quantity, unit_price) VALUES (50368, '2024-01-13', 'NA', 1002, 3, 89.99);
INSERT INTO sales (order_id, order_date, region, product_id, quantity, unit_price) VALUES (50369, '2024-01-13', 'NA', 1005, 1, 149.99);
INSERT INTO sales (order_id, order_date, region, product_id, quantity, unit_price) VALUES (50370, '2024-01-13', 'NA', 1001, 2, 29.99);
INSERT INTO sales (order_id, order_date, region, product_id, quantity, unit_price) VALUES (50371, '2024-01-13', 'NA', 1001, 2, 29.99);
INSERT INTO sales (order_id, order_date, region, product_id, quantity, unit_price) VALUES (50372, '2024-01-13', 'NA', 1001, 3, 29.99);
INSERT INTO sales (order_id, order_date, region, product_id, quantity, unit_price) VALUES (50373, '2024-01-13', 'NA', 1005, 2, 149.99);
INSERT INTO sales (order_id, order_date, region, product_id, quantity, unit_price) VALUES (50374, '2024-01-13', 'NA', 1001, 2, 29.99);
INSERT INTO sales (order_id, order_date, region, product_id, quantity, unit_price) VALUES (50375, '2024-01-13', 'NA', 1003, 3, 39.99);
INSERT INTO sales (order_id, order_date, region, product_id, quantity, unit_price) VALUES (50376, '2024-01-13', 'NA', 1001, 1, 29.99);
INSERT INTO sales (order_id, order_date, region, product_id, quantity, unit_price) VALUES (50377, '2024-01-13', 'NA', 1001, 2, 29.99);
INSERT INTO sales (order_id, order_date, region, product_id, quantity, unit_price) VALUES (50378, '2024-01-13', 'NA', 1001, 3, 29.99);
INSERT INTO sales (order_id, order_date, region, product_id, quantity, unit_price) VALUES (50379, '2024-01-13', 'NA', 1001, 1, 29.99);
INSERT INTO sales (order_id, order_date, region, product_id, quantity, unit_price) VALUES (50380, '2024-01-14', 'EU', 1006, 1, 24.99);
INSERT INTO sales (order_id, order_date, region, product_id, quantity, unit_price) VALUES (50381, '2024-01-14', 'EU', 1005, 3, 149.99);
INSERT INTO sales (order_id, order_date, region, product_id, quantity, unit_price) VALUES (50382, '2024-01-14', 'EU', 1005, 2, 149.99);
INSERT INTO sales (order_id, order_date, region, product_id, quantity, unit_price) VALUES (50383, '2024-01-14', 'EU', 1003, 1, 39.99);
INSERT INTO sales (order_id, order_date, region, product_id, quantity, unit_price) VALUES (50384, '2024-01-14', 'EU', 1005, 1, 149.99);
INSERT INTO sales (order_id, order_date, region, product_id, quantity, unit_price) VALUES (50385, '2024-01-14', 'EU', 1005, 2, 149.99);
INSERT INTO sales (order_id, order_date, region, product_id, quantity, unit_price) VALUES (50386, '2024-01-14', 'EU', 1002, 3, 89.99);
INSERT INTO sales (order_id, order_date, region, product_id, quantity, unit_price) VALUES (50387, '2024-01-14', 'EU', 1001, 1, 29.99);
INSERT INTO sales (order_id, order_date, region, product_id, quantity, unit_price) VALUES (50388, '2024-01-14', 'EU', 1006, 1, 24.99);
INSERT INTO sales (order_id, order_date, region, product_id, quantity, unit_price) VALUES (50389, '2024-01-14', 'EU', 1006, 1, 24.99);
INSERT INTO sales (order_id, order_date, region, product_id, quantity, unit_price) VALUES (50390, '2024-01-14', 'EU', 1003, 1, 39.99);
INSERT INTO sales (order_id, order_date, region, product_id, quantity, unit_price) VALUES (50391, '2024-01-14', 'EU', 1005, 2, 149.99);
INSERT INTO sales (order_id, order_date, region, product_id, quantity, unit_price) VALUES (50392, '2024-01-14', 'EU', 1001, 1, 29.99);
INSERT INTO sales (order_id, order_date, region, product_id, quantity, unit_price) VALUES (50393, '2024-01-14', 'EU', 1002, 3, 89.99);
INSERT INTO sales (order_id, order_date, region, product_id, quantity, unit_price) VALUES (50394, '2024-01-14', 'NA', 1002, 2, 89.99);
INSERT INTO sales (order_id, order_date, region, product_id, quantity, unit_price) VALUES (50395, '2024-01-14', 'NA', 1002, 2, 89.99);
INSERT INTO sales (order_id, order_date, region, product_id, quantity, unit_price) VALUES (50396, '2024-01-14', 'NA', 1006, 3, 24.99);
INSERT INTO sales (order_id, order_date, region, product_id, quantity, unit_price) VALUES (50397, '2024-01-14', 'NA', 1003, 2, 39.99);
INSERT INTO sales (order_id, order_date, region, product_id, quantity, unit_price) VALUES (50398, '2024-01-14', 'NA', 1004, 1, 99.99);
INSERT INTO sales (order_id, order_date, region, product_id, quantity, unit_price) VALUES (50399, '2024-01-14', 'NA', 1006, 1, 24.99);
INSERT INTO sales (order_id, order_date, region, product_id, quantity, unit_price) VALUES (50400, '2024-01-14', 'NA', 1006, 2, 24.99);
INSERT INTO sales (order_id, order_date, region, product_id, quantity, unit_price) VALUES (50401, '2024-01-14', 'NA', 1003, 1, 39.99);
INSERT INTO sales (order_id, order_date, region, product_id, quantity, unit_price) VALUES (50402, '2024-01-14', 'NA', 1001, 3, 29.99);
INSERT INTO sales (order_id, order_date, region, product_id, quantity, unit_price) VALUES (50403, '2024-01-14', 'NA', 1005, 1, 149.99);
INSERT INTO sales (order_id, order_date, region, product_id, quantity, unit_price) VALUES (50404, '2024-01-14', 'NA', 1006, 2, 24.99);
INSERT INTO sales (order_id, order_date, region, product_id, quantity, unit_price) VALUES (50405, '2024-01-14', 'NA', 1003, 3, 39.99);
INSERT INTO sales (order_id, order_date, region, product_id, quantity, unit_price) VALUES (50406, '2024-01-14', 'NA', 1006, 2, 24.99);
INSERT INTO sales (order_id, order_date, region, product_id, quantity, unit_price) VALUES (50407, '2024-01-14', 'NA', 1006, 2, 24.99);
INSERT INTO sales (order_id, order_date, region, product_id, quantity, unit_price) VALUES (50408, '2024-01-14', 'NA', 1002, 2, 89.99);
INSERT INTO sales (order_id, order_date, region, product_id, quantity, unit_price) VALUES (50409, '2024-01-15', 'EU', 1003, 3, 39.99);
INSERT INTO sales (order_id, order_date, region, product_id, quantity, unit_price) VALUES (50410, '2024-01-15', 'EU', 1002, 1, 89.99);
INSERT INTO sales (order_id, order_date, region, product_id, quantity, unit_price) VALUES (50411, '2024-01-15', 'EU', 1006, 1, 24.99);
INSERT INTO sales (order_id, order_date, region, product_id, quantity, unit_price) VALUES (50412, '2024-01-15', 'EU', 1004, 2, 99.99);
INSERT INTO sales (order_id, order_date, region, product_id, quantity, unit_price) VALUES (50413, '2024-01-15', 'EU', 1002, 3, 89.99);
INSERT INTO sales (order_id, order_date, region, product_id, quantity, unit_price) VALUES (50414, '2024-01-15', 'EU', 1001, 1, 29.99);
INSERT INTO sales (order_id, order_date, region, product_id, quantity, unit_price) VALUES (50415, '2024-01-15', 'EU', 1005, 2, 149.99);
INSERT INTO sales (order_id, order_date, region, product_id, quantity, unit_price) VALUES (50416, '2024-01-15', 'EU', 1001, 2, 29.99);
INSERT INTO sales (order_id, order_date, region, product_id, quantity, unit_price) VALUES (50417, '2024-01-15', 'EU', 1001, 1, 29.99);
INSERT INTO sales (order_id, order_date, region, product_id, quantity, unit_price) VALUES (50418, '2024-01-15', 'EU', 1002, 2, 89.99);
INSERT INTO sales (order_id, order_date, region, product_id, quantity, unit_price) VALUES (50419, '2024-01-15', 'EU', 1005, 2, 149.99);
INSERT INTO sales (order_id, order_date, region, product_id, quantity, unit_price) VALUES (50420, '2024-01-15', 'EU', 1005, 2, 149.99);
INSERT INTO sales (order_id, order_date, region, product_id, quantity, unit_price) VALUES (50421, '2024-01-15', 'EU', 1003, 3, 39.99);
INSERT INTO sales (order_id, order_date, region, product_id, quantity, unit_price) VALUES (50422, '2024-01-15', 'EU', 1003, 3, 39.99);
INSERT INTO sales (order_id, order_date, region, product_id, quantity, unit_price) VALUES (50423, '2024-01-15', 'EU', 1001, 3, 29.99);
INSERT INTO sales (order_id, order_date, region, product_id, quantity, unit_price) VALUES (50424, '2024-01-15', 'EU', 1003, 2, 39.99);
INSERT INTO sales (order_id, order_date, region, product_id, quantity, unit_price) VALUES (50425, '2024-01-15', 'EU', 1004, 1, 99.99);
INSERT INTO sales (order_id, order_date, region, product_id, quantity, unit_price) VALUES (50426, '2024-01-15', 'EU', 1003, 3, 39.99);
INSERT INTO sales (order_id, order_date, region, product_id, quantity, unit_price) VALUES (50427, '2024-01-15', 'NA', 1005, 2, 149.99);
INSERT INTO sales (order_id, order_date, region, product_id, quantity, unit_price) VALUES (50428, '2024-01-15', 'NA', 1005, 2, 149.99);
INSERT INTO sales (order_id, order_date, region, product_id, quantity, unit_price) VALUES (50429, '2024-01-15', 'NA', 1003, 3, 39.99);
INSERT INTO sales (order_id, order_date, region, product_id, quantity, unit_price) VALUES (50430, '2024-01-15', 'NA', 1005, 1, 149.99);
INSERT INTO sales (order_id, order_date, region, product_id, quantity, unit_price) VALUES (50431, '2024-01-15', 'NA', 1002, 2, 89.99);
INSERT INTO sales (order_id, order_date, region, product_id, quantity, unit_price) VALUES (50432, '2024-01-15', 'NA', 1005, 2, 149.99);
INSERT INTO sales (order_id, order_date, region, product_id, quantity, unit_price) VALUES (50433, '2024-01-15', 'NA', 1005, 2, 149.99);
INSERT INTO sales (order_id, order_date, region, product_id, quantity, unit_price) VALUES (50434, '2024-01-15', 'NA', 1001, 1, 29.99);
INSERT INTO sales (order_id, order_date, region, product_id, quantity, unit_price) VALUES (50435, '2024-01-15', 'NA', 1001, 2, 29.99);
INSERT INTO sales (order_id, order_date, region, product_id, quantity, unit_price) VALUES (50436, '2024-01-15', 'NA', 1006, 2, 24.99);
INSERT INTO sales (order_id, order_date, region, product_id, quantity, unit_price) VALUES (50437, '2024-01-15', 'NA', 1001, 2, 29.99);
INSERT INTO sales (order_id, order_date, region, product_id, quantity, unit_price) VALUES (50438, '2024-01-15', 'NA', 1002, 1, 89.99);
INSERT INTO sales (order_id, order_date, region, product_id, quantity, unit_price) VALUES (50439, '2024-01-15', 'NA', 1003, 1, 39.99);
INSERT INTO sales (order_id, order_date, region, product_id, quantity, unit_price) VALUES (50440, '2024-01-15', 'NA', 1002, 1, 89.99);
INSERT INTO sales (order_id, order_date, region, product_id, quantity, unit_price) VALUES (50441, '2024-01-15', 'NA', 1001, 2, 29.99);
INSERT INTO sales (order_id, order_date, region, product_id, quantity, unit_price) VALUES (50442, '2024-01-15', 'NA', 1006, 3, 24.99);
INSERT INTO sales (order_id, order_date, region, product_id, quantity, unit_price) VALUES (50443, '2024-01-15', 'NA', 1005, 1, 149.99);
INSERT INTO sales (order_id, order_date, region, product_id, quantity, unit_price) VALUES (50444, '2024-01-15', 'NA', 1002, 1, 89.99);
INSERT INTO sales (order_id, order_date, region, product_id, quantity, unit_price) VALUES (50445, '2024-01-16', 'EU', 1001, 3, 29.99);
INSERT INTO sales (order_id, order_date, region, product_id, quantity, unit_price) VALUES (50446, '2024-01-16', 'EU', 1005, 3, 149.99);
INSERT INTO sales (order_id, order_date, region, product_id, quantity, unit_price) VALUES (50447, '2024-01-16', 'EU', 1006, 2, 24.99);
INSERT INTO sales (order_id, order_date, region, product_id, quantity, unit_price) VALUES (50448, '2024-01-16', 'EU', 1002, 3, 89.99);
INSERT INTO sales (order_id, order_date, region, product_id, quantity, unit_price) VALUES (50449, '2024-01-16', 'EU', 1006, 2, 24.99);
INSERT INTO sales (order_id, order_date, region, product_id, quantity, unit_price) VALUES (50450, '2024-01-16', 'EU', 1005, 2, 149.99);
INSERT INTO sales (order_id, order_date, region, product_id, quantity, unit_price) VALUES (50451, '2024-01-16', 'EU', 1006, 3, 24.99);
INSERT INTO sales (order_id, order_date, region, product_id, quantity, unit_price) VALUES (50452, '2024-01-16', 'EU', 1003, 3, 39.99);
INSERT INTO sales (order_id, order_date, region, product_id, quantity, unit_price) VALUES (50453, '2024-01-16', 'EU', 1003, 3, 39.99);
INSERT INTO sales (order_id, order_date, region, product_id, quantity, unit_price) VALUES (50454, '2024-01-16', 'EU', 1006, 3, 24.99);
INSERT INTO sales (order_id, order_date, region, product_id, quantity, unit_price) VALUES (50455, '2024-01-16', 'EU', 1004, 1, 99.99);
INSERT INTO sales (order_id, order_date, region, product_id, quantity, unit_price) VALUES (50456, '2024-01-16', 'EU', 1002, 2, 89.99);
INSERT INTO sales (order_id, order_date, region, product_id, quantity, unit_price) VALUES (50457, '2024-01-16', 'EU', 1006, 3, 24.99);
INSERT INTO sales (order_id, order_date, region, product_id, quantity, unit_price) VALUES (50458, '2024-01-16', 'EU', 1003, 3, 39.99);
INSERT INTO sales (order_id, order_date, region, product_id, quantity, unit_price) VALUES (50459, '2024-01-16', 'EU', 1001, 3, 29.99);
INSERT INTO sales (order_id, order_date, region, product_id, quantity, unit_price) VALUES (50460, '2024-01-16', 'NA', 1004, 2, 99.99);
INSERT INTO sales (order_id, order_date, region, product_id, quantity, unit_price) VALUES (50461, '2024-01-16', 'NA', 1001, 1, 29.99);
INSERT INTO sales (order_id, order_date, region, product_id, quantity, unit_price) VALUES (50462, '2024-01-16', 'NA', 1006, 2, 24.99);
INSERT INTO sales (order_id, order_date, region, product_id, quantity, unit_price) VALUES (50463, '2024-01-16', 'NA', 1006, 1, 24.99);
INSERT INTO sales (order_id, order_date, region, product_id, quantity, unit_price) VALUES (50464, '2024-01-16', 'NA', 1001, 1, 29.99);
INSERT INTO sales (order_id, order_date, region, product_id, quantity, unit_price) VALUES (50465, '2024-01-16', 'NA', 1004, 1, 99.99);
INSERT INTO sales (order_id, order_date, region, product_id, quantity, unit_price) VALUES (50466, '2024-01-16', 'NA', 1004, 2, 99.99);
INSERT INTO sales (order_id, order_date, region, product_id, quantity, unit_price) VALUES (50467, '2024-01-16', 'NA', 1003, 1, 39.99);
INSERT INTO sales (order_id, order_date, region, product_id, quantity, unit_price) VALUES (50468, '2024-01-16', 'NA', 1005, 2, 149.99);
INSERT INTO sales (order_id, order_date, region, product_id, quantity, unit_price) VALUES (50469, '2024-01-16', 'NA', 1004, 3, 99.99);
INSERT INTO sales (order_id, order_date, region, product_id, quantity, unit_price) VALUES (50470, '2024-01-16', 'NA', 1006, 2, 24.99);
INSERT INTO sales (order_id, order_date, region, product_id, quantity, unit_price) VALUES (50471, '2024-01-16', 'NA', 1001, 3, 29.99);
INSERT INTO sales (order_id, order_date, region, product_id, quantity, unit_price) VALUES (50472, '2024-01-17', 'EU', 1001, 1, 29.99);
INSERT INTO sales (order_id, order_date, region, product_id, quantity, unit_price) VALUES (50473, '2024-01-17', 'EU', 1006, 2, 24.99);
INSERT INTO sales (order_id, order_date, region, product_id, quantity, unit_price) VALUES (50474, '2024-01-17', 'EU', 1002, 3, 89.99);
INSERT INTO sales (order_id, order_date, region, product_id, quantity, unit_price) VALUES (50475, '2024-01-17', 'EU', 1003, 1, 39.99);
INSERT INTO sales (order_id, order_date, region, product_id, quantity, unit_price) VALUES (50476, '2024-01-17', 'EU', 1006, 1, 24.99);
INSERT INTO sales (order_id, order_date, region, product_id, quantity, unit_price) VALUES (50477, '2024-01-17', 'EU', 1001, 1, 29.99);
INSERT INTO sales (order_id, order_date, region, product_id, quantity, unit_price) VALUES (50478, '2024-01-17', 'EU', 1005, 2, 149.99);
INSERT INTO sales (order_id, order_date, region, product_id, quantity, unit_price) VALUES (50479, '2024-01-17', 'EU', 1005, 2, 149.99);
INSERT INTO sales (order_id, order_date, region, product_id, quantity, unit_price) VALUES (50480, '2024-01-17', 'EU', 1006, 3, 24.99);
INSERT INTO sales (order_id, order_date, region, product_id, quantity, unit_price) VALUES (50481, '2024-01-17', 'EU', 1004, 2, 99.99);
INSERT INTO sales (order_id, order_date, region, product_id, quantity, unit_price) VALUES (50482, '2024-01-17', 'EU', 1003, 2, 39.99);
INSERT INTO sales (order_id, order_date, region, product_id, quantity, unit_price) VALUES (50483, '2024-01-17', 'EU', 1006, 2, 24.99);
INSERT INTO sales (order_id, order_date, region, product_id, quantity, unit_price) VALUES (50484, '2024-01-17', 'EU', 1001, 3, 29.99);
INSERT INTO sales (order_id, order_date, region, product_id, quantity, unit_price) VALUES (50485, '2024-01-17', 'EU', 1003, 3, 39.99);
INSERT INTO sales (order_id, order_date, region, product_id, quantity, unit_price) VALUES (50486, '2024-01-17', 'EU', 1005, 3, 149.99);
INSERT INTO sales (order_id, order_date, region, product_id, quantity, unit_price) VALUES (50487, '2024-01-17', 'EU', 1006, 2, 24.99);
INSERT INTO sales (order_id, order_date, region, product_id, quantity, unit_price) VALUES (50488, '2024-01-17', 'EU', 1004, 3, 99.99);
INSERT INTO sales (order_id, order_date, region, product_id, quantity, unit_price) VALUES (50489, '2024-01-17', 'NA', 1006, 2, 24.99);
INSERT INTO sales (order_id, order_date, region, product_id, quantity, unit_price) VALUES (50490, '2024-01-17', 'NA', 1001, 2, 29.99);
INSERT INTO sales (order_id, order_date, region, product_id, quantity, unit_price) VALUES (50491, '2024-01-17', 'NA', 1006, 3, 24.99);
INSERT INTO sales (order_id, order_date, region, product_id, quantity, unit_price) VALUES (50492, '2024-01-17', 'NA', 1006, 1, 24.99);
INSERT INTO sales (order_id, order_date, region, product_id, quantity, unit_price) VALUES (50493, '2024-01-17', 'NA', 1002, 3, 89.99);
INSERT INTO sales (order_id, order_date, region, product_id, quantity, unit_price) VALUES (50494, '2024-01-17', 'NA', 1003, 2, 39.99);
INSERT INTO sales (order_id, order_date, region, product_id, quantity, unit_price) VALUES (50495, '2024-01-17', 'NA', 1003, 1, 39.99);
INSERT INTO sales (order_id, order_date, region, product_id, quantity, unit_price) VALUES (50496, '2024-01-17', 'NA', 1004, 1, 99.99);
INSERT INTO sales (order_id, order_date, region, product_id, quantity, unit_price) VALUES (50497, '2024-01-17', 'NA', 1006, 2, 24.99);
INSERT INTO sales (order_id, order_date, region, product_id, quantity, unit_price) VALUES (50498, '2024-01-17', 'NA', 1006, 3, 24.99);
INSERT INTO sales (order_id, order_date, region, product_id, quantity, unit_price) VALUES (50499, '2024-01-17', 'NA', 1004, 1, 99.99);
INSERT INTO sales (order_id, order_date, region, product_id, quantity, unit_price) VALUES (50500, '2024-01-18', 'EU', 1001, 3, 29.99);
INSERT INTO sales (order_id, order_date, region, product_id, quantity, unit_price) VALUES (50501, '2024-01-18', 'EU', 1001, 2, 29.99);
INSERT INTO sales (order_id, order_date, region, product_id, quantity, unit_price) VALUES (50502, '2024-01-18', 'EU', 1006, 2, 24.99);
INSERT INTO sales (order_id, order_date, region, product_id, quantity, unit_price) VALUES (50503, '2024-01-18', 'EU', 1005, 2, 149.99);
INSERT INTO sales (order_id, order_date, region, product_id, quantity, unit_price) VALUES (50504, '2024-01-18', 'EU', 1003, 3, 39.99);
INSERT INTO sales (order_id, order_date, region, product_id, quantity, unit_price) VALUES (50505, '2024-01-18', 'EU', 1004, 1, 99.99);
INSERT INTO sales (order_id, order_date, region, product_id, quantity, unit_price) VALUES (50506, '2024-01-18', 'EU', 1003, 3, 39.99);
INSERT INTO sales (order_id, order_date, region, product_id, quantity, unit_price) VALUES (50507, '2024-01-18', 'EU', 1001, 2, 29.99);
INSERT INTO sales (order_id, order_date, region, product_id, quantity, unit_price) VALUES (50508, '2024-01-18', 'EU', 1002, 2, 89.99);
INSERT INTO sales (order_id, order_date, region, product_id, quantity, unit_price) VALUES (50509, '2024-01-18', 'EU', 1005, 3, 149.99);
INSERT INTO sales (order_id, order_date, region, product_id, quantity, unit_price) VALUES (50510, '2024-01-18', 'EU', 1002, 2, 89.99);
INSERT INTO sales (order_id, order_date, region, product_id, quantity, unit_price) VALUES (50511, '2024-01-18', 'NA', 1002, 1, 89.99);
INSERT INTO sales (order_id, order_date, region, product_id, quantity, unit_price) VALUES (50512, '2024-01-18', 'NA', 1005, 1, 149.99);
INSERT INTO sales (order_id, order_date, region, product_id, quantity, unit_price) VALUES (50513, '2024-01-18', 'NA', 1001, 1, 29.99);
INSERT INTO sales (order_id, order_date, region, product_id, quantity, unit_price) VALUES (50514, '2024-01-18', 'NA', 1003, 3, 39.99);
INSERT INTO sales (order_id, order_date, region, product_id, quantity, unit_price) VALUES (50515, '2024-01-18', 'NA', 1006, 3, 24.99);
INSERT INTO sales (order_id, order_date, region, product_id, quantity, unit_price) VALUES (50516, '2024-01-18', 'NA', 1003, 2, 39.99);
INSERT INTO sales (order_id, order_date, region, product_id, quantity, unit_price) VALUES (50517, '2024-01-18', 'NA', 1001, 1, 29.99);
INSERT INTO sales (order_id, order_date, region, product_id, quantity, unit_price) VALUES (50518, '2024-01-18', 'NA', 1006, 2, 24.99);
INSERT INTO sales (order_id, order_date, region, product_id, quantity, unit_price) VALUES (50519, '2024-01-18', 'NA', 1006, 1, 24.99);
INSERT INTO sales (order_id, order_date, region, product_id, quantity, unit_price) VALUES (50520, '2024-01-18', 'NA', 1003, 1, 39.99);
INSERT INTO sales (order_id, order_date, region, product_id, quantity, unit_price) VALUES (50521, '2024-01-18', 'NA', 1002, 3, 89.99);
INSERT INTO sales (order_id, order_date, region, product_id, quantity, unit_price) VALUES (50522, '2024-01-18', 'NA', 1003, 1, 39.99);
INSERT INTO sales (order_id, order_date, region, product_id, quantity, unit_price) VALUES (50523, '2024-01-18', 'NA', 1006, 1, 24.99);
INSERT INTO sales (order_id, order_date, region, product_id, quantity, unit_price) VALUES (50524, '2024-01-18', 'NA', 1003, 1, 39.99);
INSERT INTO sales (order_id, order_date, region, product_id, quantity, unit_price) VALUES (50525, '2024-01-18', 'NA', 1005, 2, 149.99);
INSERT INTO sales (order_id, order_date, region, product_id, quantity, unit_price) VALUES (50526, '2024-01-18', 'NA', 1004, 2, 99.99);
INSERT INTO sales (order_id, order_date, region, product_id, quantity, unit_price) VALUES (50527, '2024-01-18', 'NA', 1003, 1, 39.99);
INSERT INTO sales (order_id, order_date, region, product_id, quantity, unit_price) VALUES (50528, '2024-01-18', 'NA', 1005, 1, 149.99);
INSERT INTO sales (order_id, order_date, region, product_id, quantity, unit_price) VALUES (50529, '2024-01-18', 'NA', 1003, 3, 39.99);
INSERT INTO sales (order_id, order_date, region, product_id, quantity, unit_price) VALUES (50530, '2024-01-18', 'NA', 1006, 2, 24.99);
INSERT INTO sales (order_id, order_date, region, product_id, quantity, unit_price) VALUES (50531, '2024-01-19', 'EU', 1001, 1, 29.99);
INSERT INTO sales (order_id, order_date, region, product_id, quantity, unit_price) VALUES (50532, '2024-01-19', 'EU', 1002, 1, 89.99);
INSERT INTO sales (order_id, order_date, region, product_id, quantity, unit_price) VALUES (50533, '2024-01-19', 'EU', 1002, 3, 89.99);
INSERT INTO sales (order_id, order_date, region, product_id, quantity, unit_price) VALUES (50534, '2024-01-19', 'EU', 1006, 3, 24.99);
INSERT INTO sales (order_id, order_date, region, product_id, quantity, unit_price) VALUES (50535, '2024-01-19', 'EU', 1005, 2, 149.99);
INSERT INTO sales (order_id, order_date, region, product_id, quantity, unit_price) VALUES (50536, '2024-01-19', 'EU', 1001, 3, 29.99);
INSERT INTO sales (order_id, order_date, region, product_id, quantity, unit_price) VALUES (50537, '2024-01-19', 'EU', 1001, 1, 29.99);
INSERT INTO sales (order_id, order_date, region, product_id, quantity, unit_price) VALUES (50538, '2024-01-19', 'EU', 1001, 1, 29.99);
INSERT INTO sales (order_id, order_date, region, product_id, quantity, unit_price) VALUES (50539, '2024-01-19', 'EU', 1002, 2, 89.99);
INSERT INTO sales (order_id, order_date, region, product_id, quantity, unit_price) VALUES (50540, '2024-01-19', 'EU', 1005, 3, 149.99);
INSERT INTO sales (order_id, order_date, region, product_id, quantity, unit_price) VALUES (50541, '2024-01-19', 'EU', 1003, 2, 39.99);
INSERT INTO sales (order_id, order_date, region, product_id, quantity, unit_price) VALUES (50542, '2024-01-19', 'NA', 1003, 3, 39.99);
INSERT INTO sales (order_id, order_date, region, product_id, quantity, unit_price) VALUES (50543, '2024-01-19', 'NA', 1003, 2, 39.99);
INSERT INTO sales (order_id, order_date, region, product_id, quantity, unit_price) VALUES (50544, '2024-01-19', 'NA', 1004, 3, 99.99);
INSERT INTO sales (order_id, order_date, region, product_id, quantity, unit_price) VALUES (50545, '2024-01-19', 'NA', 1005, 1, 149.99);
INSERT INTO sales (order_id, order_date, region, product_id, quantity, unit_price) VALUES (50546, '2024-01-19', 'NA', 1004, 2, 99.99);
INSERT INTO sales (order_id, order_date, region, product_id, quantity, unit_price) VALUES (50547, '2024-01-19', 'NA', 1003, 1, 39.99);
INSERT INTO sales (order_id, order_date, region, product_id, quantity, unit_price) VALUES (50548, '2024-01-19', 'NA', 1006, 1, 24.99);
INSERT INTO sales (order_id, order_date, region, product_id, quantity, unit_price) VALUES (50549, '2024-01-19', 'NA', 1001, 1, 29.99);
INSERT INTO sales (order_id, order_date, region, product_id, quantity, unit_price) VALUES (50550, '2024-01-19', 'NA', 1005, 3, 149.99);
INSERT INTO sales (order_id, order_date, region, product_id, quantity, unit_price) VALUES (50551, '2024-01-19', 'NA', 1001, 2, 29.99);
INSERT INTO sales (order_id, order_date, region, product_id, quantity, unit_price) VALUES (50552, '2024-01-19', 'NA', 1004, 2, 99.99);
INSERT INTO sales (order_id, order_date, region, product_id, quantity, unit_price) VALUES (50553, '2024-01-19', 'NA', 1002, 2, 89.99);
INSERT INTO sales (order_id, order_date, region, product_id, quantity, unit_price) VALUES (50554, '2024-01-19', 'NA', 1005, 3, 149.99);
INSERT INTO sales (order_id, order_date, region, product_id, quantity, unit_price) VALUES (50555, '2024-01-20', 'EU', 1001, 2, 29.99);
INSERT INTO sales (order_id, order_date, region, product_id, quantity, unit_price) VALUES (50556, '2024-01-20', 'EU', 1006, 1, 24.99);
INSERT INTO sales (order_id, order_date, region, product_id, quantity, unit_price) VALUES (50557, '2024-01-20', 'EU', 1004, 1, 99.99);
INSERT INTO sales (order_id, order_date, region, product_id, quantity, unit_price) VALUES (50558, '2024-01-20', 'EU', 1004, 3, 99.99);
INSERT INTO sales (order_id, order_date, region, product_id, quantity, unit_price) VALUES (50559, '2024-01-20', 'EU', 1005, 1, 149.99);
INSERT INTO sales (order_id, order_date, region, product_id, quantity, unit_price) VALUES (50560, '2024-01-20', 'EU', 1005, 3, 149.99);
INSERT INTO sales (order_id, order_date, region, product_id, quantity, unit_price) VALUES (50561, '2024-01-20', 'EU', 1004, 1, 99.99);
INSERT INTO sales (order_id, order_date, region, product_id, quantity, unit_price) VALUES (50562, '2024-01-20', 'EU', 1002, 3, 89.99);
INSERT INTO sales (order_id, order_date, region, product_id, quantity, unit_price) VALUES (50563, '2024-01-20', 'EU', 1003, 3, 39.99);
INSERT INTO sales (order_id, order_date, region, product_id, quantity, unit_price) VALUES (50564, '2024-01-20', 'EU', 1004, 2, 99.99);
INSERT INTO sales (order_id, order_date, region, product_id, quantity, unit_price) VALUES (50565, '2024-01-20', 'EU', 1003, 3, 39.99);
INSERT INTO sales (order_id, order_date, region, product_id, quantity, unit_price) VALUES (50566, '2024-01-20', 'EU', 1005, 3, 149.99);
INSERT INTO sales (order_id, order_date, region, product_id, quantity, unit_price) VALUES (50567, '2024-01-20', 'EU', 1006, 2, 24.99);
INSERT INTO sales (order_id, order_date, region, product_id, quantity, unit_price) VALUES (50568, '2024-01-20', 'EU', 1006, 2, 24.99);
INSERT INTO sales (order_id, order_date, region, product_id, quantity, unit_price) VALUES (50569, '2024-01-20', 'EU', 1002, 2, 89.99);
INSERT INTO sales (order_id, order_date, region, product_id, quantity, unit_price) VALUES (50570, '2024-01-20', 'EU', 1003, 2, 39.99);
INSERT INTO sales (order_id, order_date, region, product_id, quantity, unit_price) VALUES (50571, '2024-01-20', 'EU', 1005, 2, 149.99);
INSERT INTO sales (order_id, order_date, region, product_id, quantity, unit_price) VALUES (50572, '2024-01-20', 'NA', 1001, 1, 29.99);
INSERT INTO sales (order_id, order_date, region, product_id, quantity, unit_price) VALUES (50573, '2024-01-20', 'NA', 1004, 3, 99.99);
INSERT INTO sales (order_id, order_date, region, product_id, quantity, unit_price) VALUES (50574, '2024-01-20', 'NA', 1004, 1, 99.99);
INSERT INTO sales (order_id, order_date, region, product_id, quantity, unit_price) VALUES (50575, '2024-01-20', 'NA', 1005, 3, 149.99);
INSERT INTO sales (order_id, order_date, region, product_id, quantity, unit_price) VALUES (50576, '2024-01-20', 'NA', 1002, 1, 89.99);
INSERT INTO sales (order_id, order_date, region, product_id, quantity, unit_price) VALUES (50577, '2024-01-20', 'NA', 1004, 3, 99.99);
INSERT INTO sales (order_id, order_date, region, product_id, quantity, unit_price) VALUES (50578, '2024-01-20', 'NA', 1002, 1, 89.99);
INSERT INTO sales (order_id, order_date, region, product_id, quantity, unit_price) VALUES (50579, '2024-01-20', 'NA', 1006, 3, 24.99);
INSERT INTO sales (order_id, order_date, region, product_id, quantity, unit_price) VALUES (50580, '2024-01-20', 'NA', 1005, 2, 149.99);
INSERT INTO sales (order_id, order_date, region, product_id, quantity, unit_price) VALUES (50581, '2024-01-21', 'EU', 1001, 2, 29.99);
INSERT INTO sales (order_id, order_date, region, product_id, quantity, unit_price) VALUES (50582, '2024-01-21', 'EU', 1003, 3, 39.99);
INSERT INTO sales (order_id, order_date, region, product_id, quantity, unit_price) VALUES (50583, '2024-01-21', 'EU', 1001, 2, 29.99);
INSERT INTO sales (order_id, order_date, region, product_id, quantity, unit_price) VALUES (50584, '2024-01-21', 'EU', 1005, 1, 149.99);
INSERT INTO sales (order_id, order_date, region, product_id, quantity, unit_price) VALUES (50585, '2024-01-21', 'EU', 1002, 2, 89.99);
INSERT INTO sales (order_id, order_date, region, product_id, quantity, unit_price) VALUES (50586, '2024-01-21', 'EU', 1004, 2, 99.99);
INSERT INTO sales (order_id, order_date, region, product_id, quantity, unit_price) VALUES (50587, '2024-01-21', 'EU', 1001, 1, 29.99);
INSERT INTO sales (order_id, order_date, region, product_id, quantity, unit_price) VALUES (50588, '2024-01-21', 'EU', 1006, 3, 24.99);
INSERT INTO sales (order_id, order_date, region, product_id, quantity, unit_price) VALUES (50589, '2024-01-21', 'EU', 1003, 3, 39.99);
INSERT INTO sales (order_id, order_date, region, product_id, quantity, unit_price) VALUES (50590, '2024-01-21', 'EU', 1005, 3, 149.99);
INSERT INTO sales (order_id, order_date, region, product_id, quantity, unit_price) VALUES (50591, '2024-01-21', 'EU', 1001, 1, 29.99);
INSERT INTO sales (order_id, order_date, region, product_id, quantity, unit_price) VALUES (50592, '2024-01-21', 'EU', 1001, 2, 29.99);
INSERT INTO sales (order_id, order_date, region, product_id, quantity, unit_price) VALUES (50593, '2024-01-21', 'EU', 1004, 1, 99.99);
INSERT INTO sales (order_id, order_date, region, product_id, quantity, unit_price) VALUES (50594, '2024-01-21', 'EU', 1005, 2, 149.99);
INSERT INTO sales (order_id, order_date, region, product_id, quantity, unit_price) VALUES (50595, '2024-01-21', 'EU', 1001, 3, 29.99);
INSERT INTO sales (order_id, order_date, region, product_id, quantity, unit_price) VALUES (50596, '2024-01-21', 'NA', 1001, 2, 29.99);
INSERT INTO sales (order_id, order_date, region, product_id, quantity, unit_price) VALUES (50597, '2024-01-21', 'NA', 1003, 2, 39.99);
INSERT INTO sales (order_id, order_date, region, product_id, quantity, unit_price) VALUES (50598, '2024-01-21', 'NA', 1002, 3, 89.99);
INSERT INTO sales (order_id, order_date, region, product_id, quantity, unit_price) VALUES (50599, '2024-01-21', 'NA', 1002, 3, 89.99);
INSERT INTO sales (order_id, order_date, region, product_id, quantity, unit_price) VALUES (50600, '2024-01-21', 'NA', 1002, 3, 89.99);
INSERT INTO sales (order_id, order_date, region, product_id, quantity, unit_price) VALUES (50601, '2024-01-21', 'NA', 1001, 3, 29.99);
INSERT INTO sales (order_id, order_date, region, product_id, quantity, unit_price) VALUES (50602, '2024-01-21', 'NA', 1003, 3, 39.99);
INSERT INTO sales (order_id, order_date, region, product_id, quantity, unit_price) VALUES (50603, '2024-01-21', 'NA', 1003, 2, 39.99);
INSERT INTO sales (order_id, order_date, region, product_id, quantity, unit_price) VALUES (50604, '2024-01-21', 'NA', 1001, 3, 29.99);
INSERT INTO sales (order_id, order_date, region, product_id, quantity, unit_price) VALUES (50605, '2024-01-21', 'NA', 1004, 2, 99.99);
INSERT INTO sales (order_id, order_date, region, product_id, quantity, unit_price) VALUES (50606, '2024-01-21', 'NA', 1005, 1, 149.99);
INSERT INTO sales (order_id, order_date, region, product_id, quantity, unit_price) VALUES (50607, '2024-01-22', 'EU', 1005, 3, 149.99);
INSERT INTO sales (order_id, order_date, region, product_id, quantity, unit_price) VALUES (50608, '2024-01-22', 'EU', 1003, 2, 39.99);
INSERT INTO sales (order_id, order_date, region, product_id, quantity, unit_price) VALUES (50609, '2024-01-22', 'EU', 1002, 2, 89.99);
INSERT INTO sales (order_id, order_date, region, product_id, quantity, unit_price) VALUES (50610, '2024-01-22', 'EU', 1005, 1, 149.99);
INSERT INTO sales (order_id, order_date, region, product_id, quantity, unit_price) VALUES (50611, '2024-01-22', 'EU', 1001, 1, 29.99);
INSERT INTO sales (order_id, order_date, region, product_id, quantity, unit_price) VALUES (50612, '2024-01-22', 'EU', 1001, 2, 29.99);
INSERT INTO sales (order_id, order_date, region, product_id, quantity, unit_price) VALUES (50613, '2024-01-22', 'EU', 1006, 3, 24.99);
INSERT INTO sales (order_id, order_date, region, product_id, quantity, unit_price) VALUES (50614, '2024-01-22', 'EU', 1005, 1, 149.99);
INSERT INTO sales (order_id, order_date, region, product_id, quantity, unit_price) VALUES (50615, '2024-01-22', 'NA', 1001, 1, 29.99);
INSERT INTO sales (order_id, order_date, region, product_id, quantity, unit_price) VALUES (50616, '2024-01-22', 'NA', 1006, 3, 24.99);
INSERT INTO sales (order_id, order_date, region, product_id, quantity, unit_price) VALUES (50617, '2024-01-22', 'NA', 1003, 3, 39.99);
INSERT INTO sales (order_id, order_date, region, product_id, quantity, unit_price) VALUES (50618, '2024-01-22', 'NA', 1003, 2, 39.99);
INSERT INTO sales (order_id, order_date, region, product_id, quantity, unit_price) VALUES (50619, '2024-01-22', 'NA', 1006, 1, 24.99);
INSERT INTO sales (order_id, order_date, region, product_id, quantity, unit_price) VALUES (50620, '2024-01-22', 'NA', 1001, 1, 29.99);
INSERT INTO sales (order_id, order_date, region, product_id, quantity, unit_price) VALUES (50621, '2024-01-22', 'NA', 1005, 2, 149.99);
INSERT INTO sales (order_id, order_date, region, product_id, quantity, unit_price) VALUES (50622, '2024-01-22', 'NA', 1003, 2, 39.99);
INSERT INTO sales (order_id, order_date, region, product_id, quantity, unit_price) VALUES (50623, '2024-01-22', 'NA', 1001, 2, 29.99);
INSERT INTO sales (order_id, order_date, region, product_id, quantity, unit_price) VALUES (50624, '2024-01-22', 'NA', 1003, 3, 39.99);
INSERT INTO sales (order_id, order_date, region, product_id, quantity, unit_price) VALUES (50625, '2024-01-22', 'NA', 1002, 2, 89.99);
INSERT INTO sales (order_id, order_date, region, product_id, quantity, unit_price) VALUES (50626, '2024-01-22', 'NA', 1006, 1, 24.99);
INSERT INTO sales (order_id, order_date, region, product_id, quantity, unit_price) VALUES (50627, '2024-01-22', 'NA', 1002, 2, 89.99);
INSERT INTO sales (order_id, order_date, region, product_id, quantity, unit_price) VALUES (50628, '2024-01-22', 'NA', 1006, 3, 24.99);
INSERT INTO sales (order_id, order_date, region, product_id, quantity, unit_price) VALUES (50629, '2024-01-23', 'EU', 1001, 1, 29.99);
INSERT INTO sales (order_id, order_date, region, product_id, quantity, unit_price) VALUES (50630, '2024-01-23', 'EU', 1003, 2, 39.99);
INSERT INTO sales (order_id, order_date, region, product_id, quantity, unit_price) VALUES (50631, '2024-01-23', 'EU', 1002, 3, 89.99);
INSERT INTO sales (order_id, order_date, region, product_id, quantity, unit_price) VALUES (50632, '2024-01-23', 'EU', 1006, 2, 24.99);
INSERT INTO sales (order_id, order_date, region, product_id, quantity, unit_price) VALUES (50633, '2024-01-23', 'EU', 1004, 1, 99.99);
INSERT INTO sales (order_id, order_date, region, product_id, quantity, unit_price) VALUES (50634, '2024-01-23', 'EU', 1004, 2, 99.99);
INSERT INTO sales (order_id, order_date, region, product_id, quantity, unit_price) VALUES (50635, '2024-01-23', 'EU', 1005, 1, 149.99);
INSERT INTO sales (order_id, order_date, region, product_id, quantity, unit_price) VALUES (50636, '2024-01-23', 'EU', 1001, 3, 29.99);
INSERT INTO sales (order_id, order_date, region, product_id, quantity, unit_price) VALUES (50637, '2024-01-23', 'EU', 1003, 3, 39.99);
INSERT INTO sales (order_id, order_date, region, product_id, quantity, unit_price) VALUES (50638, '2024-01-23', 'EU', 1003, 3, 39.99);
INSERT INTO sales (order_id, order_date, region, product_id, quantity, unit_price) VALUES (50639, '2024-01-23', 'EU', 1005, 2, 149.99);
INSERT INTO sales (order_id, order_date, region, product_id, quantity, unit_price) VALUES (50640, '2024-01-23', 'NA', 1005, 3, 149.99);
INSERT INTO sales (order_id, order_date, region, product_id, quantity, unit_price) VALUES (50641, '2024-01-23', 'NA', 1003, 1, 39.99);
INSERT INTO sales (order_id, order_date, region, product_id, quantity, unit_price) VALUES (50642, '2024-01-23', 'NA', 1004, 3, 99.99);
INSERT INTO sales (order_id, order_date, region, product_id, quantity, unit_price) VALUES (50643, '2024-01-23', 'NA', 1002, 3, 89.99);
INSERT INTO sales (order_id, order_date, region, product_id, quantity, unit_price) VALUES (50644, '2024-01-23', 'NA', 1006, 2, 24.99);
INSERT INTO sales (order_id, order_date, region, product_id, quantity, unit_price) VALUES (50645, '2024-01-23', 'NA', 1003, 1, 39.99);
INSERT INTO sales (order_id, order_date, region, product_id, quantity, unit_price) VALUES (50646, '2024-01-23', 'NA', 1006, 1, 24.99);
INSERT INTO sales (order_id, order_date, region, product_id, quantity, unit_price) VALUES (50647, '2024-01-23', 'NA', 1006, 3, 24.99);
INSERT INTO sales (order_id, order_date, region, product_id, quantity, unit_price) VALUES (50648, '2024-01-23', 'NA', 1002, 3, 89.99);
INSERT INTO sales (order_id, order_date, region, product_id, quantity, unit_price) VALUES (50649, '2024-01-23', 'NA', 1002, 3, 89.99);
INSERT INTO sales (order_id, order_date, region, product_id, quantity, unit_price) VALUES (50650, '2024-01-23', 'NA', 1001, 3, 29.99);
INSERT INTO sales (order_id, order_date, region, product_id, quantity, unit_price) VALUES (50651, '2024-01-23', 'NA', 1005, 3, 149.99);
INSERT INTO sales (order_id, order_date, region, product_id, quantity, unit_price) VALUES (50652, '2024-01-23', 'NA', 1005, 3, 149.99);
INSERT INTO sales (order_id, order_date, region, product_id, quantity, unit_price) VALUES (50653, '2024-01-23', 'NA', 1004, 1, 99.99);
INSERT INTO sales (order_id, order_date, region, product_id, quantity, unit_price) VALUES (50654, '2024-01-23', 'NA', 1004, 2, 99.99);
INSERT INTO sales (order_id, order_date, region, product_id, quantity, unit_price) VALUES (50655, '2024-01-23', 'NA', 1002, 1, 89.99);
INSERT INTO sales (order_id, order_date, region, product_id, quantity, unit_price) VALUES (50656, '2024-01-24', 'EU', 1004, 3, 99.99);
INSERT INTO sales (order_id, order_date, region, product_id, quantity, unit_price) VALUES (50657, '2024-01-24', 'EU', 1002, 3, 89.99);
INSERT INTO sales (order_id, order_date, region, product_id, quantity, unit_price) VALUES (50658, '2024-01-24', 'EU', 1002, 3, 89.99);
INSERT INTO sales (order_id, order_date, region, product_id, quantity, unit_price) VALUES (50659, '2024-01-24', 'EU', 1004, 1, 99.99);
INSERT INTO sales (order_id, order_date, region, product_id, quantity, unit_price) VALUES (50660, '2024-01-24', 'EU', 1005, 2, 149.99);
INSERT INTO sales (order_id, order_date, region, product_id, quantity, unit_price) VALUES (50661, '2024-01-24', 'EU', 1006, 1, 24.99);
INSERT INTO sales (order_id, order_date, region, product_id, quantity, unit_price) VALUES (50662, '2024-01-24', 'EU', 1002, 1, 89.99);
INSERT INTO sales (order_id, order_date, region, product_id, quantity, unit_price) VALUES (50663, '2024-01-24', 'EU', 1004, 3, 99.99);
INSERT INTO sales (order_id, order_date, region, product_id, quantity, unit_price) VALUES (50664, '2024-01-24', 'EU', 1004, 2, 99.99);
INSERT INTO sales (order_id, order_date, region, product_id, quantity, unit_price) VALUES (50665, '2024-01-24', 'EU', 1006, 1, 24.99);
INSERT INTO sales (order_id, order_date, region, product_id, quantity, unit_price) VALUES (50666, '2024-01-24', 'EU', 1002, 2, 89.99);
INSERT INTO sales (order_id, order_date, region, product_id, quantity, unit_price) VALUES (50667, '2024-01-24', 'EU', 1003, 2, 39.99);
INSERT INTO sales (order_id, order_date, region, product_id, quantity, unit_price) VALUES (50668, '2024-01-24', 'NA', 1001, 2, 29.99);
INSERT INTO sales (order_id, order_date, region, product_id, quantity, unit_price) VALUES (50669, '2024-01-24', 'NA', 1003, 1, 39.99);
INSERT INTO sales (order_id, order_date, region, product_id, quantity, unit_price) VALUES (50670, '2024-01-24', 'NA', 1006, 1, 24.99);
INSERT INTO sales (order_id, order_date, region, product_id, quantity, unit_price) VALUES (50671, '2024-01-24', 'NA', 1002, 1, 89.99);
INSERT INTO sales (order_id, order_date, region, product_id, quantity, unit_price) VALUES (50672, '2024-01-24', 'NA', 1001, 3, 29.99);
INSERT INTO sales (order_id, order_date, region, product_id, quantity, unit_price) VALUES (50673, '2024-01-24', 'NA', 1001, 2, 29.99);
INSERT INTO sales (order_id, order_date, region, product_id, quantity, unit_price) VALUES (50674, '2024-01-24', 'NA', 1006, 3, 24.99);
INSERT INTO sales (order_id, order_date, region, product_id, quantity, unit_price) VALUES (50675, '2024-01-24', 'NA', 1006, 2, 24.99);
INSERT INTO sales (order_id, order_date, region, product_id, quantity, unit_price) VALUES (50676, '2024-01-24', 'NA', 1002, 1, 89.99);
INSERT INTO sales (order_id, order_date, region, product_id, quantity, unit_price) VALUES (50677, '2024-01-24', 'NA', 1005, 2, 149.99);
INSERT INTO sales (order_id, order_date, region, product_id, quantity, unit_price) VALUES (50678, '2024-01-24', 'NA', 1005, 3, 149.99);
INSERT INTO sales (order_id, order_date, region, product_id, quantity, unit_price) VALUES (50679, '2024-01-24', 'NA', 1006, 2, 24.99);
INSERT INTO sales (order_id, order_date, region, product_id, quantity, unit_price) VALUES (50680, '2024-01-24', 'NA', 1005, 2, 149.99);
INSERT INTO sales (order_id, order_date, region, product_id, quantity, unit_price) VALUES (50681, '2024-01-24', 'NA', 1004, 1, 99.99);
INSERT INTO sales (order_id, order_date, region, product_id, quantity, unit_price) VALUES (50682, '2024-01-25', 'EU', 1002, 1, 89.99);
INSERT INTO sales (order_id, order_date, region, product_id, quantity, unit_price) VALUES (50683, '2024-01-25', 'EU', 1005, 1, 149.99);
INSERT INTO sales (order_id, order_date, region, product_id, quantity, unit_price) VALUES (50684, '2024-01-25', 'EU', 1006, 2, 24.99);
INSERT INTO sales (order_id, order_date, region, product_id, quantity, unit_price) VALUES (50685, '2024-01-25', 'EU', 1004, 3, 99.99);
INSERT INTO sales (order_id, order_date, region, product_id, quantity, unit_price) VALUES (50686, '2024-01-25', 'EU', 1005, 2, 149.99);
INSERT INTO sales (order_id, order_date, region, product_id, quantity, unit_price) VALUES (50687, '2024-01-25', 'EU', 1006, 1, 24.99);
INSERT INTO sales (order_id, order_date, region, product_id, quantity, unit_price) VALUES (50688, '2024-01-25', 'EU', 1003, 1, 39.99);
INSERT INTO sales (order_id, order_date, region, product_id, quantity, unit_price) VALUES (50689, '2024-01-25', 'EU', 1006, 3, 24.99);
INSERT INTO sales (order_id, order_date, region, product_id, quantity, unit_price) VALUES (50690, '2024-01-25', 'EU', 1002, 1, 89.99);
INSERT INTO sales (order_id, order_date, region, product_id, quantity, unit_price) VALUES (50691, '2024-01-25', 'EU', 1001, 1, 29.99);
INSERT INTO sales (order_id, order_date, region, product_id, quantity, unit_price) VALUES (50692, '2024-01-25', 'EU', 1002, 1, 89.99);
INSERT INTO sales (order_id, order_date, region, product_id, quantity, unit_price) VALUES (50693, '2024-01-25', 'EU', 1001, 2, 29.99);
INSERT INTO sales (order_id, order_date, region, product_id, quantity, unit_price) VALUES (50694, '2024-01-25', 'EU', 1005, 2, 149.99);
INSERT INTO sales (order_id, order_date, region, product_id, quantity, unit_price) VALUES (50695, '2024-01-25', 'NA', 1006, 2, 24.99);
INSERT INTO sales (order_id, order_date, region, product_id, quantity, unit_price) VALUES (50696, '2024-01-25', 'NA', 1004, 2, 99.99);
INSERT INTO sales (order_id, order_date, region, product_id, quantity, unit_price) VALUES (50697, '2024-01-25', 'NA', 1003, 1, 39.99);
INSERT INTO sales (order_id, order_date, region, product_id, quantity, unit_price) VALUES (50698, '2024-01-25', 'NA', 1003, 1, 39.99);
INSERT INTO sales (order_id, order_date, region, product_id, quantity, unit_price) VALUES (50699, '2024-01-25', 'NA', 1004, 3, 99.99);
INSERT INTO sales (order_id, order_date, region, product_id, quantity, unit_price) VALUES (50700, '2024-01-25', 'NA', 1002, 1, 89.99);
INSERT INTO sales (order_id, order_date, region, product_id, quantity, unit_price) VALUES (50701, '2024-01-25', 'NA', 1005, 3, 149.99);
INSERT INTO sales (order_id, order_date, region, product_id, quantity, unit_price) VALUES (50702, '2024-01-25', 'NA', 1003, 1, 39.99);
INSERT INTO sales (order_id, order_date, region, product_id, quantity, unit_price) VALUES (50703, '2024-01-25', 'NA', 1003, 3, 39.99);
INSERT INTO sales (order_id, order_date, region, product_id, quantity, unit_price) VALUES (50704, '2024-01-25', 'NA', 1003, 2, 39.99);
INSERT INTO sales (order_id, order_date, region, product_id, quantity, unit_price) VALUES (50705, '2024-01-25', 'NA', 1002, 3, 89.99);
INSERT INTO sales (order_id, order_date, region, product_id, quantity, unit_price) VALUES (50706, '2024-01-25', 'NA', 1006, 2, 24.99);
INSERT INTO sales (order_id, order_date, region, product_id, quantity, unit_price) VALUES (50707, '2024-01-25', 'NA', 1005, 1, 149.99);
INSERT INTO sales (order_id, order_date, region, product_id, quantity, unit_price) VALUES (50708, '2024-01-25', 'NA', 1002, 3, 89.99);
INSERT INTO sales (order_id, order_date, region, product_id, quantity, unit_price) VALUES (50709, '2024-01-25', 'NA', 1004, 3, 99.99);
INSERT INTO sales (order_id, order_date, region, product_id, quantity, unit_price) VALUES (50710, '2024-01-25', 'NA', 1003, 3, 39.99);
INSERT INTO sales (order_id, order_date, region, product_id, quantity, unit_price) VALUES (50711, '2024-01-25', 'NA', 1001, 2, 29.99);
INSERT INTO sales (order_id, order_date, region, product_id, quantity, unit_price) VALUES (50712, '2024-01-26', 'EU', 1005, 3, 149.99);
INSERT INTO sales (order_id, order_date, region, product_id, quantity, unit_price) VALUES (50713, '2024-01-26', 'EU', 1002, 1, 89.99);
INSERT INTO sales (order_id, order_date, region, product_id, quantity, unit_price) VALUES (50714, '2024-01-26', 'EU', 1002, 2, 89.99);
INSERT INTO sales (order_id, order_date, region, product_id, quantity, unit_price) VALUES (50715, '2024-01-26', 'EU', 1005, 1, 149.99);
INSERT INTO sales (order_id, order_date, region, product_id, quantity, unit_price) VALUES (50716, '2024-01-26', 'EU', 1001, 1, 29.99);
INSERT INTO sales (order_id, order_date, region, product_id, quantity, unit_price) VALUES (50717, '2024-01-26', 'EU', 1001, 1, 29.99);
INSERT INTO sales (order_id, order_date, region, product_id, quantity, unit_price) VALUES (50718, '2024-01-26', 'EU', 1005, 3, 149.99);
INSERT INTO sales (order_id, order_date, region, product_id, quantity, unit_price) VALUES (50719, '2024-01-26', 'EU', 1002, 1, 89.99);
INSERT INTO sales (order_id, order_date, region, product_id, quantity, unit_price) VALUES (50720, '2024-01-26', 'EU', 1003, 3, 39.99);
INSERT INTO sales (order_id, order_date, region, product_id, quantity, unit_price) VALUES (50721, '2024-01-26', 'EU', 1002, 1, 89.99);
INSERT INTO sales (order_id, order_date, region, product_id, quantity, unit_price) VALUES (50722, '2024-01-26', 'EU', 1004, 3, 99.99);
INSERT INTO sales (order_id, order_date, region, product_id, quantity, unit_price) VALUES (50723, '2024-01-26', 'EU', 1006, 2, 24.99);
INSERT INTO sales (order_id, order_date, region, product_id, quantity, unit_price) VALUES (50724, '2024-01-26', 'EU', 1002, 3, 89.99);
INSERT INTO sales (order_id, order_date, region, product_id, quantity, unit_price) VALUES (50725, '2024-01-26', 'EU', 1005, 3, 149.99);
INSERT INTO sales (order_id, order_date, region, product_id, quantity, unit_price) VALUES (50726, '2024-01-26', 'EU', 1003, 1, 39.99);
INSERT INTO sales (order_id, order_date, region, product_id, quantity, unit_price) VALUES (50727, '2024-01-26', 'EU', 1005, 1, 149.99);
INSERT INTO sales (order_id, order_date, region, product_id, quantity, unit_price) VALUES (50728, '2024-01-26', 'EU', 1002, 1, 89.99);
INSERT INTO sales (order_id, order_date, region, product_id, quantity, unit_price) VALUES (50729, '2024-01-26', 'EU', 1001, 3, 29.99);
INSERT INTO sales (order_id, order_date, region, product_id, quantity, unit_price) VALUES (50730, '2024-01-26', 'NA', 1006, 3, 24.99);
INSERT INTO sales (order_id, order_date, region, product_id, quantity, unit_price) VALUES (50731, '2024-01-26', 'NA', 1005, 1, 149.99);
INSERT INTO sales (order_id, order_date, region, product_id, quantity, unit_price) VALUES (50732, '2024-01-26', 'NA', 1005, 2, 149.99);
INSERT INTO sales (order_id, order_date, region, product_id, quantity, unit_price) VALUES (50733, '2024-01-26', 'NA', 1006, 1, 24.99);
INSERT INTO sales (order_id, order_date, region, product_id, quantity, unit_price) VALUES (50734, '2024-01-26', 'NA', 1002, 1, 89.99);
INSERT INTO sales (order_id, order_date, region, product_id, quantity, unit_price) VALUES (50735, '2024-01-26', 'NA', 1004, 3, 99.99);
INSERT INTO sales (order_id, order_date, region, product_id, quantity, unit_price) VALUES (50736, '2024-01-26', 'NA', 1003, 2, 39.99);
INSERT INTO sales (order_id, order_date, region, product_id, quantity, unit_price) VALUES (50737, '2024-01-26', 'NA', 1001, 1, 29.99);
INSERT INTO sales (order_id, order_date, region, product_id, quantity, unit_price) VALUES (50738, '2024-01-26', 'NA', 1002, 3, 89.99);
INSERT INTO sales (order_id, order_date, region, product_id, quantity, unit_price) VALUES (50739, '2024-01-26', 'NA', 1002, 3, 89.99);
INSERT INTO sales (order_id, order_date, region, product_id, quantity, unit_price) VALUES (50740, '2024-01-26', 'NA', 1001, 3, 29.99);
INSERT INTO sales (order_id, order_date, region, product_id, quantity, unit_price) VALUES (50741, '2024-01-26', 'NA', 1002, 1, 89.99);
INSERT INTO sales (order_id, order_date, region, product_id, quantity, unit_price) VALUES (50742, '2024-01-26', 'NA', 1006, 2, 24.99);
INSERT INTO sales (order_id, order_date, region, product_id, quantity, unit_price) VALUES (50743, '2024-01-26', 'NA', 1006, 3, 24.99);
INSERT INTO sales (order_id, order_date, region, product_id, quantity, unit_price) VALUES (50744, '2024-01-26', 'NA', 1005, 3, 149.99);
INSERT INTO sales (order_id, order_date, region, product_id, quantity, unit_price) VALUES (50745, '2024-01-26', 'NA', 1001, 3, 29.99);
INSERT INTO sales (order_id, order_date, region, product_id, quantity, unit_price) VALUES (50746, '2024-01-26', 'NA', 1002, 3, 89.99);
INSERT INTO sales (order_id, order_date, region, product_id, quantity, unit_price) VALUES (50747, '2024-01-26', 'NA', 1005, 2, 149.99);
INSERT INTO sales (order_id, order_date, region, product_id, quantity, unit_price) VALUES (50748, '2024-01-26', 'NA', 1006, 3, 24.99);
INSERT INTO sales (order_id, order_date, region, product_id, quantity, unit_price) VALUES (50749, '2024-01-27', 'EU', 1002, 3, 89.99);
INSERT INTO sales (order_id, order_date, region, product_id, quantity, unit_price) VALUES (50750, '2024-01-27', 'EU', 1002, 3, 89.99);
INSERT INTO sales (order_id, order_date, region, product_id, quantity, unit_price) VALUES (50751, '2024-01-27', 'EU', 1001, 2, 29.99);
INSERT INTO sales (order_id, order_date, region, product_id, quantity, unit_price) VALUES (50752, '2024-01-27', 'EU', 1003, 1, 39.99);
INSERT INTO sales (order_id, order_date, region, product_id, quantity, unit_price) VALUES (50753, '2024-01-27', 'EU', 1002, 3, 89.99);
INSERT INTO sales (order_id, order_date, region, product_id, quantity, unit_price) VALUES (50754, '2024-01-27', 'EU', 1005, 3, 149.99);
INSERT INTO sales (order_id, order_date, region, product_id, quantity, unit_price) VALUES (50755, '2024-01-27', 'EU', 1002, 3, 89.99);
INSERT INTO sales (order_id, order_date, region, product_id, quantity, unit_price) VALUES (50756, '2024-01-27', 'EU', 1004, 3, 99.99);
INSERT INTO sales (order_id, order_date, region, product_id, quantity, unit_price) VALUES (50757, '2024-01-27', 'EU', 1001, 1, 29.99);
INSERT INTO sales (order_id, order_date, region, product_id, quantity, unit_price) VALUES (50758, '2024-01-27', 'EU', 1006, 1, 24.99);
INSERT INTO sales (order_id, order_date, region, product_id, quantity, unit_price) VALUES (50759, '2024-01-27', 'NA', 1002, 1, 89.99);
INSERT INTO sales (order_id, order_date, region, product_id, quantity, unit_price) VALUES (50760, '2024-01-27', 'NA', 1005, 2, 149.99);
INSERT INTO sales (order_id, order_date, region, product_id, quantity, unit_price) VALUES (50761, '2024-01-27', 'NA', 1004, 2, 99.99);
INSERT INTO sales (order_id, order_date, region, product_id, quantity, unit_price) VALUES (50762, '2024-01-27', 'NA', 1002, 3, 89.99);
INSERT INTO sales (order_id, order_date, region, product_id, quantity, unit_price) VALUES (50763, '2024-01-27', 'NA', 1003, 2, 39.99);
INSERT INTO sales (order_id, order_date, region, product_id, quantity, unit_price) VALUES (50764, '2024-01-27', 'NA', 1002, 2, 89.99);
INSERT INTO sales (order_id, order_date, region, product_id, quantity, unit_price) VALUES (50765, '2024-01-27', 'NA', 1003, 3, 39.99);
INSERT INTO sales (order_id, order_date, region, product_id, quantity, unit_price) VALUES (50766, '2024-01-27', 'NA', 1005, 1, 149.99);
INSERT INTO sales (order_id, order_date, region, product_id, quantity, unit_price) VALUES (50767, '2024-01-27', 'NA', 1002, 3, 89.99);
INSERT INTO sales (order_id, order_date, region, product_id, quantity, unit_price) VALUES (50768, '2024-01-27', 'NA', 1003, 3, 39.99);
INSERT INTO sales (order_id, order_date, region, product_id, quantity, unit_price) VALUES (50769, '2024-01-27', 'NA', 1006, 1, 24.99);
INSERT INTO sales (order_id, order_date, region, product_id, quantity, unit_price) VALUES (50770, '2024-01-27', 'NA', 1006, 1, 24.99);
INSERT INTO sales (order_id, order_date, region, product_id, quantity, unit_price) VALUES (50771, '2024-01-27', 'NA', 1005, 2, 149.99);
INSERT INTO sales (order_id, order_date, region, product_id, quantity, unit_price) VALUES (50772, '2024-01-27', 'NA', 1005, 1, 149.99);
INSERT INTO sales (order_id, order_date, region, product_id, quantity, unit_price) VALUES (50773, '2024-01-27', 'NA', 1004, 3, 99.99);
INSERT INTO sales (order_id, order_date, region, product_id, quantity, unit_price) VALUES (50774, '2024-01-27', 'NA', 1001, 2, 29.99);
INSERT INTO sales (order_id, order_date, region, product_id, quantity, unit_price) VALUES (50775, '2024-01-27', 'NA', 1006, 1, 24.99);
INSERT INTO sales (order_id, order_date, region, product_id, quantity, unit_price) VALUES (50776, '2024-01-27', 'NA', 1004, 1, 99.99);
INSERT INTO sales (order_id, order_date, region, product_id, quantity, unit_price) VALUES (50777, '2024-01-27', 'NA', 1001, 2, 29.99);
INSERT INTO sales (order_id, order_date, region, product_id, quantity, unit_price) VALUES (50778, '2024-01-27', 'NA', 1001, 3, 29.99);
INSERT INTO sales (order_id, order_date, region, product_id, quantity, unit_price) VALUES (50779, '2024-01-28', 'EU', 1006, 2, 24.99);
INSERT INTO sales (order_id, order_date, region, product_id, quantity, unit_price) VALUES (50780, '2024-01-28', 'EU', 1002, 2, 89.99);
INSERT INTO sales (order_id, order_date, region, product_id, quantity, unit_price) VALUES (50781, '2024-01-28', 'EU', 1006, 1, 24.99);
INSERT INTO sales (order_id, order_date, region, product_id, quantity, unit_price) VALUES (50782, '2024-01-28', 'EU', 1001, 1, 29.99);
INSERT INTO sales (order_id, order_date, region, product_id, quantity, unit_price) VALUES (50783, '2024-01-28', 'EU', 1005, 2, 149.99);
INSERT INTO sales (order_id, order_date, region, product_id, quantity, unit_price) VALUES (50784, '2024-01-28', 'EU', 1001, 3, 29.99);
INSERT INTO sales (order_id, order_date, region, product_id, quantity, unit_price) VALUES (50785, '2024-01-28', 'EU', 1001, 1, 29.99);
INSERT INTO sales (order_id, order_date, region, product_id, quantity, unit_price) VALUES (50786, '2024-01-28', 'EU', 1004, 3, 99.99);
INSERT INTO sales (order_id, order_date, region, product_id, quantity, unit_price) VALUES (50787, '2024-01-28', 'EU', 1002, 1, 89.99);
INSERT INTO sales (order_id, order_date, region, product_id, quantity, unit_price) VALUES (50788, '2024-01-28', 'EU', 1005, 1, 149.99);
INSERT INTO sales (order_id, order_date, region, product_id, quantity, unit_price) VALUES (50789, '2024-01-28', 'EU', 1003, 2, 39.99);
INSERT INTO sales (order_id, order_date, region, product_id, quantity, unit_price) VALUES (50790, '2024-01-28', 'EU', 1006, 3, 24.99);
INSERT INTO sales (order_id, order_date, region, product_id, quantity, unit_price) VALUES (50791, '2024-01-28', 'EU', 1006, 1, 24.99);
INSERT INTO sales (order_id, order_date, region, product_id, quantity, unit_price) VALUES (50792, '2024-01-28', 'EU', 1002, 1, 89.99);
INSERT INTO sales (order_id, order_date, region, product_id, quantity, unit_price) VALUES (50793, '2024-01-28', 'EU', 1004, 3, 99.99);
INSERT INTO sales (order_id, order_date, region, product_id, quantity, unit_price) VALUES (50794, '2024-01-28', 'EU', 1004, 1, 99.99);
INSERT INTO sales (order_id, order_date, region, product_id, quantity, unit_price) VALUES (50795, '2024-01-28', 'EU', 1006, 1, 24.99);
INSERT INTO sales (order_id, order_date, region, product_id, quantity, unit_price) VALUES (50796, '2024-01-28', 'EU', 1003, 1, 39.99);
INSERT INTO sales (order_id, order_date, region, product_id, quantity, unit_price) VALUES (50797, '2024-01-28', 'EU', 1006, 2, 24.99);
INSERT INTO sales (order_id, order_date, region, product_id, quantity, unit_price) VALUES (50798, '2024-01-28', 'EU', 1003, 2, 39.99);
INSERT INTO sales (order_id, order_date, region, product_id, quantity, unit_price) VALUES (50799, '2024-01-28', 'NA', 1002, 1, 89.99);
INSERT INTO sales (order_id, order_date, region, product_id, quantity, unit_price) VALUES (50800, '2024-01-28', 'NA', 1001, 2, 29.99);
INSERT INTO sales (order_id, order_date, region, product_id, quantity, unit_price) VALUES (50801, '2024-01-28', 'NA', 1003, 2, 39.99);
INSERT INTO sales (order_id, order_date, region, product_id, quantity, unit_price) VALUES (50802, '2024-01-28', 'NA', 1005, 1, 149.99);
INSERT INTO sales (order_id, order_date, region, product_id, quantity, unit_price) VALUES (50803, '2024-01-28', 'NA', 1006, 3, 24.99);
INSERT INTO sales (order_id, order_date, region, product_id, quantity, unit_price) VALUES (50804, '2024-01-28', 'NA', 1001, 1, 29.99);
INSERT INTO sales (order_id, order_date, region, product_id, quantity, unit_price) VALUES (50805, '2024-01-28', 'NA', 1003, 2, 39.99);
INSERT INTO sales (order_id, order_date, region, product_id, quantity, unit_price) VALUES (50806, '2024-01-28', 'NA', 1001, 1, 29.99);
INSERT INTO sales (order_id, order_date, region, product_id, quantity, unit_price) VALUES (50807, '2024-01-28', 'NA', 1003, 2, 39.99);
INSERT INTO sales (order_id, order_date, region, product_id, quantity, unit_price) VALUES (50808, '2024-01-28', 'NA', 1003, 2, 39.99);
INSERT INTO sales (order_id, order_date, region, product_id, quantity, unit_price) VALUES (50809, '2024-01-28', 'NA', 1002, 2, 89.99);
INSERT INTO sales (order_id, order_date, region, product_id, quantity, unit_price) VALUES (50810, '2024-01-28', 'NA', 1001, 3, 29.99);
INSERT INTO sales (order_id, order_date, region, product_id, quantity, unit_price) VALUES (50811, '2024-01-28', 'NA', 1003, 2, 39.99);
INSERT INTO sales (order_id, order_date, region, product_id, quantity, unit_price) VALUES (50812, '2024-01-28', 'NA', 1005, 1, 149.99);
INSERT INTO sales (order_id, order_date, region, product_id, quantity, unit_price) VALUES (50813, '2024-01-28', 'NA', 1001, 1, 29.99);
INSERT INTO sales (order_id, order_date, region, product_id, quantity, unit_price) VALUES (50814, '2024-01-28', 'NA', 1004, 2, 99.99);
INSERT INTO sales (order_id, order_date, region, product_id, quantity, unit_price) VALUES (50815, '2024-01-29', 'EU', 1002, 3, 89.99);
INSERT INTO sales (order_id, order_date, region, product_id, quantity, unit_price) VALUES (50816, '2024-01-29', 'EU', 1001, 3, 29.99);
INSERT INTO sales (order_id, order_date, region, product_id, quantity, unit_price) VALUES (50817, '2024-01-29', 'EU', 1003, 1, 39.99);
INSERT INTO sales (order_id, order_date, region, product_id, quantity, unit_price) VALUES (50818, '2024-01-29', 'EU', 1001, 3, 29.99);
INSERT INTO sales (order_id, order_date, region, product_id, quantity, unit_price) VALUES (50819, '2024-01-29', 'EU', 1001, 2, 29.99);
INSERT INTO sales (order_id, order_date, region, product_id, quantity, unit_price) VALUES (50820, '2024-01-29', 'EU', 1004, 2, 99.99);
INSERT INTO sales (order_id, order_date, region, product_id, quantity, unit_price) VALUES (50821, '2024-01-29', 'EU', 1001, 3, 29.99);
INSERT INTO sales (order_id, order_date, region, product_id, quantity, unit_price) VALUES (50822, '2024-01-29', 'EU', 1001, 1, 29.99);
INSERT INTO sales (order_id, order_date, region, product_id, quantity, unit_price) VALUES (50823, '2024-01-29', 'EU', 1003, 3, 39.99);
INSERT INTO sales (order_id, order_date, region, product_id, quantity, unit_price) VALUES (50824, '2024-01-29', 'EU', 1002, 3, 89.99);
INSERT INTO sales (order_id, order_date, region, product_id, quantity, unit_price) VALUES (50825, '2024-01-29', 'EU', 1006, 3, 24.99);
INSERT INTO sales (order_id, order_date, region, product_id, quantity, unit_price) VALUES (50826, '2024-01-29', 'EU', 1005, 2, 149.99);
INSERT INTO sales (order_id, order_date, region, product_id, quantity, unit_price) VALUES (50827, '2024-01-29', 'NA', 1006, 1, 24.99);
INSERT INTO sales (order_id, order_date, region, product_id, quantity, unit_price) VALUES (50828, '2024-01-29', 'NA', 1004, 1, 99.99);
INSERT INTO sales (order_id, order_date, region, product_id, quantity, unit_price) VALUES (50829, '2024-01-29', 'NA', 1004, 1, 99.99);
INSERT INTO sales (order_id, order_date, region, product_id, quantity, unit_price) VALUES (50830, '2024-01-29', 'NA', 1005, 1, 149.99);
INSERT INTO sales (order_id, order_date, region, product_id, quantity, unit_price) VALUES (50831, '2024-01-29', 'NA', 1002, 1, 89.99);
INSERT INTO sales (order_id, order_date, region, product_id, quantity, unit_price) VALUES (50832, '2024-01-29', 'NA', 1006, 1, 24.99);
INSERT INTO sales (order_id, order_date, region, product_id, quantity, unit_price) VALUES (50833, '2024-01-29', 'NA', 1003, 2, 39.99);
INSERT INTO sales (order_id, order_date, region, product_id, quantity, unit_price) VALUES (50834, '2024-01-29', 'NA', 1003, 2, 39.99);
INSERT INTO sales (order_id, order_date, region, product_id, quantity, unit_price) VALUES (50835, '2024-01-29', 'NA', 1003, 1, 39.99);
INSERT INTO sales (order_id, order_date, region, product_id, quantity, unit_price) VALUES (50836, '2024-01-30', 'EU', 1001, 2, 29.99);
INSERT INTO sales (order_id, order_date, region, product_id, quantity, unit_price) VALUES (50837, '2024-01-30', 'EU', 1003, 1, 39.99);
INSERT INTO sales (order_id, order_date, region, product_id, quantity, unit_price) VALUES (50838, '2024-01-30', 'EU', 1003, 3, 39.99);
INSERT INTO sales (order_id, order_date, region, product_id, quantity, unit_price) VALUES (50839, '2024-01-30', 'EU', 1001, 1, 29.99);
INSERT INTO sales (order_id, order_date, region, product_id, quantity, unit_price) VALUES (50840, '2024-01-30', 'EU', 1003, 1, 39.99);
INSERT INTO sales (order_id, order_date, region, product_id, quantity, unit_price) VALUES (50841, '2024-01-30', 'EU', 1001, 1, 29.99);
INSERT INTO sales (order_id, order_date, region, product_id, quantity, unit_price) VALUES (50842, '2024-01-30', 'EU', 1002, 3, 89.99);
INSERT INTO sales (order_id, order_date, region, product_id, quantity, unit_price) VALUES (50843, '2024-01-30', 'EU', 1003, 2, 39.99);
INSERT INTO sales (order_id, order_date, region, product_id, quantity, unit_price) VALUES (50844, '2024-01-30', 'EU', 1004, 3, 99.99);
INSERT INTO sales (order_id, order_date, region, product_id, quantity, unit_price) VALUES (50845, '2024-01-30', 'EU', 1005, 3, 149.99);
INSERT INTO sales (order_id, order_date, region, product_id, quantity, unit_price) VALUES (50846, '2024-01-30', 'EU', 1005, 2, 149.99);
INSERT INTO sales (order_id, order_date, region, product_id, quantity, unit_price) VALUES (50847, '2024-01-30', 'EU', 1001, 3, 29.99);
INSERT INTO sales (order_id, order_date, region, product_id, quantity, unit_price) VALUES (50848, '2024-01-30', 'EU', 1002, 2, 89.99);
INSERT INTO sales (order_id, order_date, region, product_id, quantity, unit_price) VALUES (50849, '2024-01-30', 'EU', 1003, 1, 39.99);
INSERT INTO sales (order_id, order_date, region, product_id, quantity, unit_price) VALUES (50850, '2024-01-30', 'EU', 1006, 3, 24.99);
INSERT INTO sales (order_id, order_date, region, product_id, quantity, unit_price) VALUES (50851, '2024-01-30', 'EU', 1002, 2, 89.99);
INSERT INTO sales (order_id, order_date, region, product_id, quantity, unit_price) VALUES (50852, '2024-01-30', 'EU', 1006, 1, 24.99);
INSERT INTO sales (order_id, order_date, region, product_id, quantity, unit_price) VALUES (50853, '2024-01-30', 'EU', 1005, 3, 149.99);
INSERT INTO sales (order_id, order_date, region, product_id, quantity, unit_price) VALUES (50854, '2024-01-30', 'EU', 1002, 1, 89.99);
INSERT INTO sales (order_id, order_date, region, product_id, quantity, unit_price) VALUES (50855, '2024-01-30', 'EU', 1006, 3, 24.99);
INSERT INTO sales (order_id, order_date, region, product_id, quantity, unit_price) VALUES (50856, '2024-01-30', 'NA', 1001, 1, 29.99);
INSERT INTO sales (order_id, order_date, region, product_id, quantity, unit_price) VALUES (50857, '2024-01-30', 'NA', 1002, 1, 89.99);
INSERT INTO sales (order_id, order_date, region, product_id, quantity, unit_price) VALUES (50858, '2024-01-30', 'NA', 1003, 2, 39.99);
INSERT INTO sales (order_id, order_date, region, product_id, quantity, unit_price) VALUES (50859, '2024-01-30', 'NA', 1003, 2, 39.99);
INSERT INTO sales (order_id, order_date, region, product_id, quantity, unit_price) VALUES (50860, '2024-01-30', 'NA', 1002, 1, 89.99);
INSERT INTO sales (order_id, order_date, region, product_id, quantity, unit_price) VALUES (50861, '2024-01-30', 'NA', 1002, 3, 89.99);
INSERT INTO sales (order_id, order_date, region, product_id, quantity, unit_price) VALUES (50862, '2024-01-30', 'NA', 1004, 3, 99.99);
INSERT INTO sales (order_id, order_date, region, product_id, quantity, unit_price) VALUES (50863, '2024-01-30', 'NA', 1006, 1, 24.99);
INSERT INTO sales (order_id, order_date, region, product_id, quantity, unit_price) VALUES (50864, '2024-01-31', 'EU', 1006, 2, 24.99);
INSERT INTO sales (order_id, order_date, region, product_id, quantity, unit_price) VALUES (50865, '2024-01-31', 'EU', 1004, 3, 99.99);
INSERT INTO sales (order_id, order_date, region, product_id, quantity, unit_price) VALUES (50866, '2024-01-31', 'EU', 1001, 2, 29.99);
INSERT INTO sales (order_id, order_date, region, product_id, quantity, unit_price) VALUES (50867, '2024-01-31', 'EU', 1001, 2, 29.99);
INSERT INTO sales (order_id, order_date, region, product_id, quantity, unit_price) VALUES (50868, '2024-01-31', 'EU', 1006, 1, 24.99);
INSERT INTO sales (order_id, order_date, region, product_id, quantity, unit_price) VALUES (50869, '2024-01-31', 'EU', 1006, 2, 24.99);
INSERT INTO sales (order_id, order_date, region, product_id, quantity, unit_price) VALUES (50870, '2024-01-31', 'EU', 1003, 2, 39.99);
INSERT INTO sales (order_id, order_date, region, product_id, quantity, unit_price) VALUES (50871, '2024-01-31', 'EU', 1002, 2, 89.99);
INSERT INTO sales (order_id, order_date, region, product_id, quantity, unit_price) VALUES (50872, '2024-01-31', 'EU', 1005, 3, 149.99);
INSERT INTO sales (order_id, order_date, region, product_id, quantity, unit_price) VALUES (50873, '2024-01-31', 'EU', 1003, 1, 39.99);
INSERT INTO sales (order_id, order_date, region, product_id, quantity, unit_price) VALUES (50874, '2024-01-31', 'EU', 1004, 3, 99.99);
INSERT INTO sales (order_id, order_date, region, product_id, quantity, unit_price) VALUES (50875, '2024-01-31', 'EU', 1005, 3, 149.99);
INSERT INTO sales (order_id, order_date, region, product_id, quantity, unit_price) VALUES (50876, '2024-01-31', 'EU', 1001, 2, 29.99);
INSERT INTO sales (order_id, order_date, region, product_id, quantity, unit_price) VALUES (50877, '2024-01-31', 'EU', 1003, 3, 39.99);
INSERT INTO sales (order_id, order_date, region, product_id, quantity, unit_price) VALUES (50878, '2024-01-31', 'EU', 1002, 3, 89.99);
INSERT INTO sales (order_id, order_date, region, product_id, quantity, unit_price) VALUES (50879, '2024-01-31', 'EU', 1002, 2, 89.99);
INSERT INTO sales (order_id, order_date, region, product_id, quantity, unit_price) VALUES (50880, '2024-01-31', 'EU', 1006, 2, 24.99);
INSERT INTO sales (order_id, order_date, region, product_id, quantity, unit_price) VALUES (50881, '2024-01-31', 'EU', 1005, 1, 149.99);
INSERT INTO sales (order_id, order_date, region, product_id, quantity, unit_price) VALUES (50882, '2024-01-31', 'EU', 1003, 1, 39.99);
INSERT INTO sales (order_id, order_date, region, product_id, quantity, unit_price) VALUES (50883, '2024-01-31', 'EU', 1001, 3, 29.99);
INSERT INTO sales (order_id, order_date, region, product_id, quantity, unit_price) VALUES (50884, '2024-01-31', 'NA', 1005, 1, 149.99);
INSERT INTO sales (order_id, order_date, region, product_id, quantity, unit_price) VALUES (50885, '2024-01-31', 'NA', 1003, 2, 39.99);
INSERT INTO sales (order_id, order_date, region, product_id, quantity, unit_price) VALUES (50886, '2024-01-31', 'NA', 1006, 2, 24.99);
INSERT INTO sales (order_id, order_date, region, product_id, quantity, unit_price) VALUES (50887, '2024-01-31', 'NA', 1003, 3, 39.99);
INSERT INTO sales (order_id, order_date, region, product_id, quantity, unit_price) VALUES (50888, '2024-01-31', 'NA', 1003, 1, 39.99);
INSERT INTO sales (order_id, order_date, region, product_id, quantity, unit_price) VALUES (50889, '2024-01-31', 'NA', 1006, 1, 24.99);
INSERT INTO sales (order_id, order_date, region, product_id, quantity, unit_price) VALUES (50890, '2024-01-31', 'NA', 1005, 3, 149.99);
INSERT INTO sales (order_id, order_date, region, product_id, quantity, unit_price) VALUES (50891, '2024-01-31', 'NA', 1005, 3, 149.99);
INSERT INTO sales (order_id, order_date, region, product_id, quantity, unit_price) VALUES (50892, '2024-01-31', 'NA', 1004, 2, 99.99);
INSERT INTO sales (order_id, order_date, region, product_id, quantity, unit_price) VALUES (50893, '2024-01-31', 'NA', 1003, 1, 39.99);
INSERT INTO sales (order_id, order_date, region, product_id, quantity, unit_price) VALUES (50894, '2024-01-31', 'NA', 1005, 3, 149.99);
INSERT INTO sales (order_id, order_date, region, product_id, quantity, unit_price) VALUES (50895, '2024-01-31', 'NA', 1003, 1, 39.99);
INSERT INTO sales (order_id, order_date, region, product_id, quantity, unit_price) VALUES (50896, '2024-01-31', 'NA', 1002, 2, 89.99);
INSERT INTO sales (order_id, order_date, region, product_id, quantity, unit_price) VALUES (50897, '2024-01-31', 'NA', 1002, 1, 89.99);

-- Insert web_traffic
INSERT INTO web_traffic (date, region, sessions) VALUES ('2024-01-01', 'EU', 2386);
INSERT INTO web_traffic (date, region, sessions) VALUES ('2024-01-01', 'NA', 2208);
INSERT INTO web_traffic (date, region, sessions) VALUES ('2024-01-02', 'EU', 1992);
INSERT INTO web_traffic (date, region, sessions) VALUES ('2024-01-02', 'NA', 1991);
INSERT INTO web_traffic (date, region, sessions) VALUES ('2024-01-03', 'EU', 2494);
INSERT INTO web_traffic (date, region, sessions) VALUES ('2024-01-03', 'NA', 1691);
INSERT INTO web_traffic (date, region, sessions) VALUES ('2024-01-04', 'EU', 1407);
INSERT INTO web_traffic (date, region, sessions) VALUES ('2024-01-04', 'NA', 2283);
INSERT INTO web_traffic (date, region, sessions) VALUES ('2024-01-05', 'EU', 1629);
INSERT INTO web_traffic (date, region, sessions) VALUES ('2024-01-05', 'NA', 2184);
INSERT INTO web_traffic (date, region, sessions) VALUES ('2024-01-06', 'EU', 1719);
INSERT INTO web_traffic (date, region, sessions) VALUES ('2024-01-06', 'NA', 1790);
INSERT INTO web_traffic (date, region, sessions) VALUES ('2024-01-07', 'EU', 2250);
INSERT INTO web_traffic (date, region, sessions) VALUES ('2024-01-07', 'NA', 1398);
INSERT INTO web_traffic (date, region, sessions) VALUES ('2024-01-08', 'EU', 1586);
INSERT INTO web_traffic (date, region, sessions) VALUES ('2024-01-08', 'NA', 1548);
INSERT INTO web_traffic (date, region, sessions) VALUES ('2024-01-09', 'EU', 2159);
INSERT INTO web_traffic (date, region, sessions) VALUES ('2024-01-09', 'NA', 1892);
INSERT INTO web_traffic (date, region, sessions) VALUES ('2024-01-10', 'EU', 1577);
INSERT INTO web_traffic (date, region, sessions) VALUES ('2024-01-10', 'NA', 2098);
INSERT INTO web_traffic (date, region, sessions) VALUES ('2024-01-11', 'EU', 2115);
INSERT INTO web_traffic (date, region, sessions) VALUES ('2024-01-11', 'NA', 1726);
INSERT INTO web_traffic (date, region, sessions) VALUES ('2024-01-12', 'EU', 2376);
INSERT INTO web_traffic (date, region, sessions) VALUES ('2024-01-12', 'NA', 1933);
INSERT INTO web_traffic (date, region, sessions) VALUES ('2024-01-13', 'EU', 1405);
INSERT INTO web_traffic (date, region, sessions) VALUES ('2024-01-13', 'NA', 1654);
INSERT INTO web_traffic (date, region, sessions) VALUES ('2024-01-14', 'EU', 2496);
INSERT INTO web_traffic (date, region, sessions) VALUES ('2024-01-14', 'NA', 2459);
INSERT INTO web_traffic (date, region, sessions) VALUES ('2024-01-15', 'EU', 1720);
INSERT INTO web_traffic (date, region, sessions) VALUES ('2024-01-15', 'NA', 2216);
INSERT INTO web_traffic (date, region, sessions) VALUES ('2024-01-16', 'EU', 2155);
INSERT INTO web_traffic (date, region, sessions) VALUES ('2024-01-16', 'NA', 1925);
INSERT INTO web_traffic (date, region, sessions) VALUES ('2024-01-17', 'EU', 2213);
INSERT INTO web_traffic (date, region, sessions) VALUES ('2024-01-17', 'NA', 1700);
INSERT INTO web_traffic (date, region, sessions) VALUES ('2024-01-18', 'EU', 1316);
INSERT INTO web_traffic (date, region, sessions) VALUES ('2024-01-18', 'NA', 1585);
INSERT INTO web_traffic (date, region, sessions) VALUES ('2024-01-19', 'EU', 1783);
INSERT INTO web_traffic (date, region, sessions) VALUES ('2024-01-19', 'NA', 1594);
INSERT INTO web_traffic (date, region, sessions) VALUES ('2024-01-20', 'EU', 2287);
INSERT INTO web_traffic (date, region, sessions) VALUES ('2024-01-20', 'NA', 1920);
INSERT INTO web_traffic (date, region, sessions) VALUES ('2024-01-21', 'EU', 1271);
INSERT INTO web_traffic (date, region, sessions) VALUES ('2024-01-21', 'NA', 1473);
INSERT INTO web_traffic (date, region, sessions) VALUES ('2024-01-22', 'EU', 1537);
INSERT INTO web_traffic (date, region, sessions) VALUES ('2024-01-22', 'NA', 1806);
INSERT INTO web_traffic (date, region, sessions) VALUES ('2024-01-23', 'EU', 1365);
INSERT INTO web_traffic (date, region, sessions) VALUES ('2024-01-23', 'NA', 1210);
INSERT INTO web_traffic (date, region, sessions) VALUES ('2024-01-24', 'EU', 1928);
INSERT INTO web_traffic (date, region, sessions) VALUES ('2024-01-24', 'NA', 2000);
INSERT INTO web_traffic (date, region, sessions) VALUES ('2024-01-25', 'EU', 1301);
INSERT INTO web_traffic (date, region, sessions) VALUES ('2024-01-25', 'NA', 1978);
INSERT INTO web_traffic (date, region, sessions) VALUES ('2024-01-26', 'EU', 1413);
INSERT INTO web_traffic (date, region, sessions) VALUES ('2024-01-26', 'NA', 2311);
INSERT INTO web_traffic (date, region, sessions) VALUES ('2024-01-27', 'EU', 1600);
INSERT INTO web_traffic (date, region, sessions) VALUES ('2024-01-27', 'NA', 1787);
INSERT INTO web_traffic (date, region, sessions) VALUES ('2024-01-28', 'EU', 2088);
INSERT INTO web_traffic (date, region, sessions) VALUES ('2024-01-28', 'NA', 2269);
INSERT INTO web_traffic (date, region, sessions) VALUES ('2024-01-29', 'EU', 1791);
INSERT INTO web_traffic (date, region, sessions) VALUES ('2024-01-29', 'NA', 2309);
INSERT INTO web_traffic (date, region, sessions) VALUES ('2024-01-30', 'EU', 1291);
INSERT INTO web_traffic (date, region, sessions) VALUES ('2024-01-30', 'NA', 1872);
INSERT INTO web_traffic (date, region, sessions) VALUES ('2024-01-31', 'EU', 1913);
INSERT INTO web_traffic (date, region, sessions) VALUES ('2024-01-31', 'NA', 2135);